predictions,labels
Line chart,Line chart
Line chart,Line chart
Line chart,Line chart
Line chart,Line chart
Line chart,Line chart
Scatter chart,Scatter chart
yes,yes
yes,yes
Vertical Boxplots,Vertical Boxplots
no,no
Line chart,Line chart
no,no
0.0000000000000000,1.363961841841517
Line chart,Line chart
Vertical Boxplots,Vertical Boxplots
Line chart,Line chart
Line chart,Line chart
Vertical Bar chart,Vertical Bar chart
Line chart,Line chart
no,no
no,no
no,yes
no,yes
Line chart,Temperature of explosive graphitization
no,no
Line chart,Line chart
Line chart,Line chart
Line chart,Line chart
yes,yes
yes,no
Line chart,Line chart
Line chart,Line chart
Line chart,Line chart
no,no
Line chart,Line chart
yes,yes
no,no
Scatter chart,Scatter chart
no,no
Line chart,Line chart
Line chart,Line chart
Vertical Bar chart,Vertical Bar chart
Vertical Boxplots,Vertical Boxplots
Line chart,Line chart
no,no
Linear,Linear
Vertical Bar chart,Vertical Bar chart
0.0,0.0
Vertical Boxplots,Vertical Boxplots
Line chart,Line chart
no,no
no,no
no,no
no,no
Vertical Bar chart,Line chart
no,no
Line chart,Line chart
0.0,3.903225806451538
1,3
Line chart,Line chart
no,no
Line chart,Line chart
no,no
Line chart,Line chart
no,no
1.0,0.8831635710005992
no,no
0.0,0.2476242193863698
Line chart,Line chart
Line chart,Line chart
Line chart,Line chart
Line chart,Line chart
Line chart,Line chart
no,yes
no,no
no,no
Vertical Bar chart,Vertical Bar chart
Line chart,Line chart
yes,yes
no,no
Vertical Bar chart,Line chart
Vertical,Vertical
1,"Available, Used"
Line chart,Line chart
no,no
Line chart,Line chart
0.5,Average Surface Roughness (um)
Line chart,Line chart
Scatter chart,Scatter chart
Line chart,Line chart
Vertical Bar chart,Vertical Bar chart
Vertical,Vertical
1,6
Vertical Bar chart,Vertical Boxplots
Line chart,Line chart
no,no
Line chart,Line chart
no,no
Vertical,Vertical
Line chart,Line chart
Vertical Bar chart,Vertical Bar chart
Line chart,Line chart
Linear,Linear
no,no
Line chart,Line chart
Linear,Linear
Vertical Bar chart,Vertical Bar chart
Line chart,Line chart
Vertical Bar chart,Line chart
Line chart,Line chart
Line chart,Line chart
Line chart,Line chart
Line chart,Line chart
"L1, L2, L3, T4","t_{1}, t_{2}, t_{3}, "
Line chart,Line chart
Line chart,Line chart
yes,yes
yes,yes
Line chart,Scatter chart
Scatter chart,Scatter chart
no,yes
Line chart,Line chart
Line chart,Line chart
Vertical Bar chart,Vertical Bar chart
Line chart,Line chart
Vertical,Vertical
Line chart,Line chart
Line chart,Line chart
Line chart,Line chart
Line chart,Line chart
Vertical Bar chart,Vertical Bar chart
Line chart,Line chart
Line chart,Line chart
Line chart,Line chart
no,no
no,no
Window size,\Delta AUC (%)
yes,yes
Line chart,Line chart
Line chart,Line chart
Horizontal Bar chart,Horizontal Bar chart
no,no
Line chart,Line chart
yes,yes
Line chart,Line chart
Line chart,Line chart
Line chart,Line chart
no,no
Line chart,Line chart
Line chart,Line chart
Vertical Boxplots,Vertical Boxplots
Line chart,Line chart
Vertical Bar chart,Vertical Bar chart
no,no
Vertical,Vertical
Vertical Bar chart,Vertical Bar chart
no,no
Vertical,Horizontal
Line chart,Line chart
no,no
Line chart,Line chart
Line chart,Line chart
Line chart,Line chart
Line chart,Line chart
no,no
Line chart,Line chart
Line chart,Line chart
no,no
Line chart,Line chart
Vertical,Horizontal
"Evidence, Knowledge, Technology, Commercial","Negative beliefs, Technology"
Line chart,Line chart
1.0,16.7
yes,yes
Line chart,Line chart
Line chart,Line chart
Line chart,Line chart
Line chart,Line chart
no,no
Vertical Bar chart,Vertical Bar chart
Air,Argon
1,7
Wavelength (nm),ST-01
Line chart,Line chart
Line chart,Line chart
Line chart,Line chart
Line chart,Scatter chart
Line chart,Line chart
Current (V),[unnamed data series #1]
Vertical Bar chart,Vertical Bar chart
Line chart,Line chart
yes,yes
Line chart,Line chart
no,yes
"w/oM, w/oM, w/oM, w/oM","w/oM, w/oM"
Line chart,Line chart
Vertical Bar chart,Vertical Bar chart
Line chart,Line chart
Scatter chart,Scatter chart
yes,no
Line chart,Line chart
no,no
yes,yes
Line chart,Line chart
Scatter chart,Line chart
Vertical,Vertical
no,no
1,"3.2, 6.4, 6.1, 8.2"
0.0,Signal Voltage
Vertical Bar chart,Vertical Bar chart
Line chart,Line chart
Line chart,Line chart
"380, 380, 380, 380","Northern \n Pike, Largemouth \n Bass, Smallmouth \n Bass, Freshwater"
Vertical Bar chart,Vertical Bar chart
Line chart,Line chart
Line chart,Line chart
no,no
Line chart,Line chart
1,3
yes,no
Line chart,Line chart
Line chart,Line chart
Line chart,Line chart
Line chart,Line chart
Line chart,Line chart
Vertical Bar chart,Scatter chart
no,no
Line chart,Line chart
Vertical Bar chart,Vertical Bar chart
0.0000000000000000,0.0499999999999998
Vertical Bar chart,Vertical Bar chart
Line chart,Line chart
10.0,"81%, 52.3%, 51%, 4"
yes,yes
Line chart,Line chart
Vertical Boxplots,Vertical Boxplots
Vertical,Vertical
Line chart,Line chart
Lower Right,Upper Right
no,no
Scatter chart,Scatter chart
yes,yes
Vertical Bar chart,Vertical Bar chart
no,no
Line chart,Line chart
Line chart,Line chart
yes,yes
yes,yes
yes,yes
1,1
no,no
no,no
no,no
no,no
yes,yes
yes,yes
Scatter chart,Scatter chart
"0.02, 0.04, 0.06",0.6
Line chart,Line chart
no,no
Vertical,Vertical
Line chart,Scatter chart
Line chart,Line chart
0.0,-1.5
1,4
Line chart,Scatter chart
no,no
no,no
1,3
Line chart,Line chart
no,no
Vertical,Vertical
1,"1.0, 0.8, 0.6, 0.4"
Vertical Bar chart,Vertical Bar chart
no,no
no,no
no,no
yes,yes
yes,yes
yes,yes
Vertical Bar chart,Line chart
Line chart,Line chart
Line chart,Line chart
categorical,numerical
yes,yes
no,no
no,yes
1.0000000000000000,0.877677503533761
Vertical Bar chart,Vertical Bar chart
Line chart,Line chart
Line chart,Line chart
1.0,0.1014328503197602
Line chart,Line chart
"SF13-1, SF13-2, SF13-3","SF06-2, SF13-2, SF06-3, SF"
no,no
Line chart,Line chart
no,yes
no,yes
Vertical Boxplots,Vertical Boxplots
Linear,Linear
Line chart,Line chart
Line chart,Line chart
no,no
yes,yes
Vertical,Vertical
Horizontal Bar chart,Horizontal Bar chart
Line chart,Line chart
yes,Yes
yes,no
Line chart,Line chart
Line chart,Line chart
Line chart,Line chart
yes,yes
Line chart,Line chart
no,no
Line chart,Line chart
Line chart,Line chart
"East Asia, South Asia, South Asia",Source: World Bank 2006
Vertical Bar chart,Vertical Bar chart
no,yes
Vertical Boxplots,Vertical Boxplots
Line chart,Line chart
Line chart,Line chart
Vertical Boxplots,Vertical Boxplots
no,yes
no,no
Line chart,Line chart
Line chart,Line chart
yes,yes
Vertical Bar chart,Vertical Bar chart
Line chart,Line chart
Vertical Bar chart,Line chart
Line chart,Scatter chart
Chiral Angle (deg),\gamma _{cr}
Line chart,Line chart
yes,yes
0.0,200.0
Line chart,Line chart
Line chart,Line chart
Line chart,Line chart
Vertical Boxplots,Vertical Boxplots
Vertical Bar chart,Vertical Bar chart
Scatter chart,Scatter chart
Vertical Bar chart,Vertical Bar chart
Vertical Bar chart,Scatter chart
yes,yes
no,no
yes,yes
Line chart,Line chart
Line chart,Line chart
yes,no
Line chart,Line chart
Line chart,Line chart
"10, 20, 30, 40","50, 40, 30, 20, 10"
yes,yes
Vertical Bar chart,Vertical Bar chart
Vertical Bar chart,Vertical Bar chart
1.0,"6 Months, 4 Months, Baseline"
Line chart,Line chart
100,1F(IC)
no,yes
100.0,"NAP, PYR, FLT, BaP"
Line chart,Line chart
Line chart,Line chart
Line chart,Line chart
Scatter chart,Scatter chart
Scatter chart,Scatter chart
no,yes
yes,yes
yes,yes
Vertical,Vertical
no,no
Vertical Bar chart,Vertical Bar chart
Line chart,Line chart
Line chart,Line chart
1,1
Vertical Bar chart,Line chart
Line chart,Line chart
Line chart,Line chart
Line chart,Line chart
Vertical,Vertical
0.0,4.0
Vertical Bar chart,Vertical Bar chart
Line chart,Line chart
0.0000000000000000,11.33095067905647
Scatter chart,Scatter chart
Horizontal Bar chart,Horizontal Bar chart
Line chart,Line chart
Vertical Bar chart,Vertical Bar chart
no,yes
Scatter chart,Scatter chart
Line chart,Line chart
Line chart,Line chart
"CO 1, CO 2, CO 3",20.0
Line chart,Line chart
Line chart,Line chart
yes,yes
no,no
"OMO, AED, S3/1, PAR, ASP, ASP","OTHERS, PAR"
Vertical Bar chart,Vertical Bar chart
Line chart,Line chart
1,1
Scatter chart,Scatter chart
no,no
Line chart,Line chart
Vertical Bar chart,Vertical Bar chart
no,no
yes,no
no,no
Line chart,Line chart
Vertical Bar chart,Vertical Bar chart
0.20,0.0
yes,yes
yes,yes
Line chart,Line chart
yes,no
no,no
1,1
Vertical Boxplots,Vertical Boxplots
Vertical Bar chart,Vertical Bar chart
Vertical Bar chart,Vertical Bar chart
no,no
0.0,Specific capacity (mAh g^{-1})
Line chart,Line chart
no,no
Line chart,Line chart
no,no
Line chart,Line chart
Line chart,Line chart
Line chart,Line chart
yes,yes
Line chart,Line chart
Line chart,Line chart
Line chart,Line chart
Line chart,Line chart
yes,yes
Scatter chart,Scatter chart
0.0,Type of HCNA
Line chart,Line chart
Line chart,Line chart
Vertical Bar chart,Vertical Bar chart
Line chart,Line chart
Vertical Boxplots,Vertical Boxplots
Vertical Bar chart,Scatter chart
yes,yes
no,no
Scatter chart,Scatter chart
no,no
Line chart,Line chart
Line chart,Line chart
1,no
no,no
Scatter chart,Scatter chart
Line chart,Line chart
Line chart,Line chart
yes,yes
Line chart,Line chart
"0, 20, 60, 80, 100","0, 20, 40, 60, 80,"
Vertical Bar chart,Vertical Bar chart
"Structural, Unknown, Postural Hypotension","Vasovagal, Structural"
yes,yes
Scatter chart,Scatter chart
Line chart,Line chart
no,no
yes,yes
Scatter chart,Scatter chart
Line chart,Line chart
Scatter chart,Scatter chart
Line chart,Line chart
no,yes
Line chart,Line chart
Vertical Bar chart,Vertical Bar chart
Line chart,Line chart
Line chart,Line chart
Line chart,Line chart
Line chart,Line chart
Line chart,Line chart
Line chart,Line chart
no,no
Line chart,Line chart
yes,yes
yes,yes
yes,yes
0.0,0.0
Vertical Bar chart,Vertical Bar chart
no,no
Line chart,Line chart
Line chart,Line chart
yes,yes
Vertical Bar chart,Vertical Bar chart
Line chart,Line chart
Vertical Bar chart,Line chart
yes,yes
15.600000000000000,n_{p}=15; \varepsilon_{u}=
Line chart,Line chart
10.0,Insecure
no,no
Scatter chart,Scatter chart
Scatter chart,Scatter chart
Scatter chart,Scatter chart
V.0.0,Black men
yes,yes
Line chart,Line chart
Line chart,Line chart
Line chart,Line chart
Line chart,Line chart
no,yes
Vertical,Vertical
no,no
"Bone Marrow, mTR-/- G1, mTR-/-","WT, mTR-I- G1, mTR-I- G4"
Line chart,Line chart
Line chart,Line chart
yes,yes
Vertical Bar chart,Vertical Bar chart
Line chart,Line chart
Vertical,Vertical
no,no
no,no
Line chart,Line chart
Line chart,Line chart
no,no
0.6671000000000000,"0, 1"
"GG, CG, CG, CG, CG, CG, CG, CG, CG, CG","GG, CC"
Line chart,Line chart
Line chart,Line chart
Line chart,Line chart
Vertical Bar chart,Vertical Bar chart
numerical,numerical
yes,yes
no,no
yes,yes
Vertical Bar chart,Vertical Bar chart
1,7
Line chart,Line chart
0.0,0.0
Scatter chart,Vertical Bar chart
no,no
Vertical Bar chart,Vertical Boxplots
no,no
yes,yes
0.0000000000000000,1.1669199044931624
yes,yes
Line chart,Line chart
Line chart,Line chart
no,no
1,"S. Typhimurium pH 7.0, Random, S. Typhimuri"
0.0,0.3378875459800316
Line chart,Line chart
Line chart,Line chart
Line chart,Line chart
Vertical Bar chart,Scatter chart
Line chart,Line chart
Line chart,Line chart
yes,yes
Vertical Bar chart,Vertical Bar chart
yes,yes
Line chart,Line chart
Line chart,Line chart
Line chart,Line chart
Line chart,Line chart
Line chart,Line chart
Line chart,Line chart
Line chart,Line chart
Line chart,Line chart
Line chart,Line chart
Line chart,Line chart
Line chart,Line chart
Line chart,Line chart
Line chart,Line chart
Line chart,Line chart
Line chart,Line chart
Line chart,Line chart
Line chart,Line chart
Line chart,Line chart
Line chart,Line chart
1.0,2.245055046136313
Line chart,Line chart
no,no
Line chart,Line chart
1,"0, 0.5, 1, 1.5, 2,"
1,1
Vertical Bar chart,Vertical Bar chart
Line chart,Line chart
Scatter chart,Line chart
no,no
Line chart,Line chart
0.0,"0, 20, 40, 60, 80,"
Vertical Bar chart,Vertical Bar chart
no,no
Line chart,Line chart
Line chart,Line chart
no,no
yes,yes
no,no
no,no
Line chart,Line chart
"1950, 1960, 1970, ","1950, 1960, 1970, "
0.0,-0.0754528708104012
Line chart,Line chart
"CPO_Hard, CPO_Soft",CPO-Hard
yes,yes
Line chart,Line chart
Vertical,Vertical
Scatter chart,Scatter chart
Line chart,Line chart
no,yes
Vertical Boxplots,Vertical Boxplots
Line chart,Line chart
yes,yes
no,no
Line chart,Line chart
0.00,2012.0
SPU0,SPU15
Line chart,Line chart
Vertical Bar chart,Vertical Bar chart
Line chart,Line chart
Line chart,Line chart
Line chart,Line chart
no,no
Linear,Linear
no,no
yes,no
Line chart,Line chart
Line chart,Line chart
Line chart,Line chart
0.0000000000000000,"y=-0.4162x + 52.888,"
Line chart,Line chart
no,no
1,3
Line chart,Line chart
Line chart,Line chart
1,7
Scatter chart,Scatter chart
yes,yes
yes,yes
no,no
Line chart,Line chart
Line chart,Line chart
0.0,Cr
Line chart,Line chart
1,2
Line chart,Line chart
Line chart,Line chart
Line chart,Line chart
Line chart,Line chart
Line chart,Line chart
yes,yes
no,yes
Line chart,Line chart
categorical,numerical
0.86,0.14
Scatter chart,Scatter chart
no,yes
Vertical Bar chart,Vertical Bar chart
yes,yes
Line chart,Line chart
Horizontal Bar chart,Horizontal Bar chart
Line chart,Line chart
Line chart,Line chart
1,1
Line chart,Line chart
1.4488888888888888,"cep290 MO (n=84), cep290 MO +"
Vertical Bar chart,Line chart
Line chart,Line chart
no,no
yes,yes
yes,yes
G-L-S-R-L-2,"Gr - Arg- RH2,TGR"
yes,yes
Line chart,Line chart
"1000, 1500","Real-time quantitative PCR, Null genotypes, Mendelian inconsistencies"
Line chart,Line chart
Line chart,Line chart
Horizontal Bar chart,Horizontal Bar chart
yes,yes
1,5
Line chart,Line chart
1,1
Line chart,Line chart
"2014, 2016, 2018, ",PRODESS/PDDSS
no,yes
no,no
1,4
Vertical Bar chart,Vertical Bar chart
Line chart,Line chart
Line chart,Line chart
Vertical,Vertical
categorical,numerical
Line chart,Line chart
no,no
no,no
"1000m, 1500m, 2500",Interaction rate ratio of neighborhood education and distance to work
Line chart,Line chart
Line chart,Line chart
Line chart,Line chart
Vertical Bar chart,Vertical Bar chart
Line chart,Line chart
Scatter chart,Line chart
Line chart,Line chart
Line chart,Line chart
no,no
Line chart,Line chart
Scatter chart,Scatter chart
no,no
no,no
no,no
Line chart,Line chart
no,no
yes,yes
0.0,1.0
yes,yes
no,no
Line chart,Line chart
Line chart,Line chart
1,1
Scatter chart,Scatter chart
no,no
Line chart,Line chart
Line chart,Line chart
no,yes
Scatter chart,Scatter chart
Scatter chart,Scatter chart
Line chart,Line chart
Line chart,Line chart
yes,yes
Line chart,Line chart
1,1
Line chart,Line chart
Line chart,Line chart
no,no
no,Skewed
Line chart,Line chart
Line chart,Line chart
Line chart,Line chart
Line chart,Line chart
Line chart,Line chart
yes,yes
Line chart,Line chart
0.0,1.356807511737089
Line chart,Line chart
Line chart,Line chart
Line chart,Line chart
Scatter chart,Scatter chart
Vertical Bar chart,Vertical Bar chart
yes,yes
no,no
Line chart,Line chart
Line chart,Line chart
Line chart,Line chart
yes,yes
Line chart,Line chart
Line chart,Line chart
no,no
Line chart,Line chart
Line chart,Line chart
no,no
Line chart,Line chart
yes,yes
Scatter chart,Scatter chart
Scatter chart,Scatter chart
Vertical,Vertical
Line chart,Line chart
1,1
yes,yes
no,no
Line chart,Line chart
yes,yes
0.0,100.0
"1, 2, 3, 4, 5, 6, ","2, 3, 4, 5, 6, 7, "
Line chart,Line chart
Line chart,Line chart
Vertical Bar chart,Vertical Bar chart
Line chart,Line chart
Line chart,Line chart
Vertical Boxplots,Vertical Boxplots
1.0,"PP1, PP6"
Men,Women
Vertical Bar chart,Vertical Bar chart
Vertical Bar chart,Vertical Bar chart
Vertical Bar chart,Vertical Bar chart
Vertical Bar chart,Vertical Bar chart
no,yes
yes,yes
Line chart,Line chart
no,no
no,no
1,3
Line chart,Line chart
Vertical Boxplots,Vertical Boxplots
Line chart,Line chart
Scatter chart,Scatter chart
yes,yes
Line chart,Line chart
Line chart,Line chart
Line chart,Line chart
Line chart,Line chart
Line chart,Line chart
no,no
no,no
0.0000000000000000,"As-grown, 600°C_1h, 700°"
Scatter chart,Scatter chart
Line chart,Line chart
Line chart,Line chart
Vertical Bar chart,Vertical Bar chart
Line chart,Line chart
Vertical,Vertical
no,yes
"10, 30, 40, 60, 70","0, 10, 20, 30, 40,"
no,no
Line chart,Line chart
Scatter chart,Scatter chart
Vertical Bar chart,Bonds
0.0,"Required Transmitting Power, P'_{T'} (dBm)"
Line chart,Line chart
no,no
Line chart,Line chart
Line chart,Line chart
Line chart,Line chart
Horizontal Bar chart,Horizontal Bar chart
Line chart,Line chart
Line chart,Line chart
Line chart,Line chart
Line chart,Line chart
yes,yes
Scatter chart,Line chart
yes,yes
Line chart,Line chart
no,no
no,yes
no,no
Line chart,Line chart
Scatter chart,Scatter chart
Vertical Bar chart,Vertical Bar chart
Line chart,Line chart
yes,yes
Multiple of {s_{med} }^{-2} has the highest median of,0.1
Line chart,Line chart
Line chart,Line chart
Line chart,Line chart
Line chart,Line chart
Line chart,Line chart
1.0,0.1900108577633013
Scatter chart,Scatter chart
Line chart,Line chart
Line chart,Line chart
Vertical Bar chart,Vertical Bar chart
Line chart,Line chart
Line chart,Line chart
"Grade 1, Grade 2/3","Grade 0, Grade 1"
yes,yes
Line chart,Line chart
yes,yes
Vertical Bar chart,Vertical Bar chart
Line chart,Line chart
Line chart,Line chart
Line chart,Line chart
Line chart,Line chart
Line chart,Line chart
Vertical Bar chart,Vertical Bar chart
no,no
Line chart,Line chart
Vertical Bar chart,Vertical Bar chart
no,no
yes,yes
Line chart,Line chart
"1999, 2000, 2003, ","2006, 2003"
Line chart,Line chart
Line chart,Line chart
"control, H-DNA, control+H-DNA*, control+H-DNA*","BY4742(WT), rad50 \delta, mre11"
Line chart,Line chart
"L, M, M","M, H"
no,no
Line chart,Line chart
Line chart,Line chart
Line chart,Line chart
Line chart,Line chart
Line chart,Line chart
Scatter chart,Scatter chart
1,1
Line chart,Line chart
Scatter chart,Scatter chart
yes,yes
Line chart,Line chart
Line chart,Line chart
Linear,Linear
Scatter chart,Scatter chart
Line chart,Line chart
no,no
Vertical Bar chart,Vertical Bar chart
Line chart,Line chart
Vertical Bar chart,Vertical Boxplots
0.0,0.0
no,no
yes,yes
Vertical Bar chart,Vertical Boxplots
no,no
Line chart,Line chart
Line chart,Line chart
Vertical Bar chart,Vertical Bar chart
Line chart,Line chart
yes,yes
Vertical Bar chart,Vertical Bar chart
Line chart,Line chart
Line chart,Line chart
Line chart,Line chart
yes,yes
Line chart,Line chart
Line chart,Scatter chart
Horizontal Bar chart,Horizontal Bar chart
Vertical Boxplots,Vertical Boxplots
Line chart,Line chart
Line chart,Line chart
0.0,Month
Scatter chart,Scatter chart
Line chart,Line chart
Vertical Bar chart,Vertical Bar chart
Vertical Bar chart,Vertical Bar chart
Line chart,Line chart
no,yes
Line chart,Line chart
0.0,0.0
Line chart,Line chart
no,no
Line chart,Line chart
Scatter chart,Scatter chart
no,no
0.0,-15.0
no,yes
Line chart,Line chart
Line chart,Line chart
Line chart,Line chart
no,no
yes,yes
no,no
Line chart,Line chart
no,no
Line chart,Line chart
0.0000000000000000,0.1228373702422144
yes,yes
Vertical Bar chart,Vertical Bar chart
yes,yes
Vertical Bar chart,Scatter chart
no,no
no,no
Line chart,Line chart
Scatter chart,Scatter chart
Path 1,Path 1
no,yes
Line chart,Line chart
15-24,Upper Right
Line chart,Line chart
1,2
1.0371111111111111,33.80605596013798
Line chart,Line chart
Line chart,Line chart
Line chart,Line chart
no,yes
SVB1,group
no,yes
Line chart,Line chart
Line chart,Line chart
no,yes
no,no
Vertical,Vertical
yes,yes
Line chart,Line chart
0.0000000000000000,Months
0.0,35.0
Line chart,Line chart
yes,yes
Vertical Bar chart,Vertical Bar chart
0.0,0.6890806196935184
Line chart,Line chart
1,2012
no,yes
Line chart,Line chart
Scatter chart,Scatter chart
no,no
Line chart,Line chart
no,no
no,no
Vertical Boxplots,Vertical Boxplots
no,no
Line chart,Line chart
Benefits,Benefits
Line chart,Line chart
Line chart,Line chart
0.0,859.8701298701299
Line chart,Line chart
Vertical Bar chart,Scatter chart
Line chart,Line chart
yes,yes
Horizontal Bar chart,Horizontal Bar chart
Line chart,Line chart
Line chart,Line chart
0.0,"Time to failure, t(h)"
yes,yes
Line chart,Line chart
no,no
POT. UNSTABLE ZONE,Span (m)
Line chart,Line chart
0.0000000000000000,34.4915556916169
Vertical Bar chart,Vertical Bar chart
Line chart,Line chart
0.0,0.533515421762195
0.0,0.3140488539008039
Line chart,Line chart
Vertical Bar chart,Vertical Bar chart
no,no
yes,yes
Line chart,Line chart
Line chart,Line chart
no,no
Line chart,Line chart
Line chart,Line chart
no,no
Line chart,Line chart
Line chart,Line chart
no,no
yes,yes
no,no
yes,yes
Vertical Bar chart,Vertical Bar chart
no,yes
no,no
no,no
Line chart,Line chart
Line chart,Line chart
Vertical Boxplots,Vertical Boxplots
Vertical Bar chart,Line chart
yes,yes
Line chart,Line chart
yes,yes
Line chart,Line chart
yes,yes
no,no
no,no
Line chart,Line chart
no,no
yes,yes
no,no
1.0,60.0
Vertical Bar chart,Vertical Bar chart
yes,yes
1,"DISCOUNT rate: [1%;6%], WASTAGE factor: Drugs [5%;"
no,no
no,no
Line chart,Line chart
Scatter chart,Scatter chart
numerical,numerical
Vertical Bar chart,Horizontal Bar chart
Line chart,Line chart
no,no
yes,yes
Line chart,Line chart
no,1.0225326264274062
Vertical Bar chart,Vertical Bar chart
Vertical Bar chart,Vertical Bar chart
Vertical,Vertical
Line chart,Line chart
Line chart,Line chart
0.60,CONTROL BS
Line chart,Line chart
Vertical Bar chart,Vertical Bar chart
Line chart,Line chart
yes,yes
Scatter chart,Scatter chart
Line chart,Line chart
1,2
Line chart,Line chart
no,no
Line chart,Line chart
Line chart,Line chart
Line chart,Line chart
no,no
no,no
Line chart,Line chart
Line chart,Line chart
Vertical Bar chart,Vertical Boxplots
Vertical Bar chart,Vertical Bar chart
yes,yes
Line chart,Line chart
Line chart,Line chart
Line chart,Line chart
Line chart,Line chart
Line chart,Line chart
Vertical,Vertical
Line chart,Line chart
Line chart,Line chart
0.0,"3, 4"
0.0,Times of thermal cycles
Vertical Bar chart,Vertical Bar chart
Line chart,Line chart
0.0000000000000000,3.0
no,yes
Vertical Bar chart,Line chart
Line chart,Line chart
Line chart,Line chart
Line chart,Line chart
no,yes
SMP: 38.600000000000,0.6200343450282935
Line chart,Line chart
Vertical Bar chart,Vertical Bar chart
Line chart,Line chart
yes,no
Vertical Bar chart,Vertical Bar chart
no,yes
Line chart,Line chart
Line chart,Line chart
Vertical Bar chart,Vertical Bar chart
no,no
Line chart,Line chart
HNO_concentration (mol/L),"0.2, 0.5"
Line chart,Line chart
Line chart,Line chart
Line chart,Line chart
Vertical Bar chart,Vertical Bar chart
0.6489999999999999,0.0241224337944754
1,1
0.0,Percent urban population
no,no
Scatter chart,Scatter chart
Vertical Boxplots,Vertical Boxplots
no,no
Line chart,Line chart
no,no
Vertical,18.649444822116465
Line chart,Line chart
Vertical,Horizontal
Scatter chart,Scatter chart
no,no
yes,yes
categorical,numerical
Line chart,Line chart
yes,yes
Line chart,Line chart
Vertical Bar chart,Vertical Bar chart
no,no
Vertical Bar chart,Line chart
Line chart,Line chart
Vertical Bar chart,Vertical Bar chart
Scatter chart,Scatter chart
Vertical Bar chart,Scatter chart
Line chart,Line chart
no,no
categorical,categorical
Line chart,Line chart
Scatter chart,Scatter chart
Vertical Bar chart,Line chart
Vertical Bar chart,Vertical Bar chart
yes,yes
yes,yes
Line chart,Line chart
Line chart,Line chart
yes,yes
Line chart,Line chart
Line chart,Line chart
Line chart,Line chart
no,no
Line chart,Line chart
Line chart,Line chart
no,Horizontal
Line chart,Line chart
Line chart,Line chart
no,no
Line chart,Line chart
yes,yes
Line chart,Line chart
Line chart,Line chart
Line chart,Line chart
Line chart,Line chart
Line chart,Line chart
Line chart,Line chart
Line chart,Line chart
1.5063830159652862,"0, 5, 50"
yes,yes
categorical,numerical
Line chart,Line chart
no,no
yes,yes
Line chart,Line chart
no,no
no,no
Line chart,Line chart
Vertical Bar chart,Vertical Bar chart
no,no
Vertical Bar chart,Line chart
Line chart,Line chart
F1,"NP, F0, F2, F3, F4"
no,no
yes,yes
yes,yes
"Nonsense, Synonymous, Ironic, Synonymous","Nonsynonymous, Synonymous, Intronic"
no,no
Vertical Bar chart,Vertical Bar chart
Line chart,Line chart
yes,yes
no,no
1,12
Line chart,Line chart
Vertical,Vertical
Line chart,Line chart
Line chart,Line chart
"ICE, FIN, TEX","1, 2"
no,no
Line chart,Line chart
Quest 2,(C)
no,yes
Line chart,Line chart
Line chart,Line chart
yes,yes
Line chart,Line chart
Line chart,Line chart
no,no
0.0000000000000000,8.15206741132667
Vertical,Horizontal
Vertical Bar chart,Line chart
yes,yes
no,no
yes,yes
Line chart,Line chart
Line chart,Line chart
Vertical Bar chart,Vertical Bar chart
Line chart,Line chart
"Pc_Disc+, S2-(119)","Pattern specification, PNS development"
Line chart,Line chart
no,no
Line chart,Line chart
yes,no
Line chart,Line chart
Line chart,Line chart
Line chart,Line chart
Line chart,Line chart
Vertical Boxplots,Line chart
no,no
Line chart,Line chart
Line chart,Line chart
Vertical,Vertical
no,no
Line chart,Line chart
1,4
Line chart,Line chart
1,2
no,yes
no,yes
Line chart,Line chart
no,no
yes,yes
no,yes
Line chart,Line chart
Scatter chart,Scatter chart
1,4
Scatter chart,Vertical Boxplots
Scatter chart,Scatter chart
Scatter chart,Scatter chart
yes,no
Vertical Bar chart,Vertical Bar chart
Line chart,Line chart
0.0000000000000000,0.1509637417441703
Line chart,Line chart
no,yes
"synthetic P wastewater, synthetic P wastewater, synthetic P wastewater, synthetic P wastewater, synthetic P wastewater",15.926734160912957
Scatter chart,Scatter chart
no,no
Line chart,Line chart
Line chart,Line chart
yes,yes
no,no
Scatter chart,Scatter chart
yes,yes
Horizontal Bar chart,Horizontal Bar chart
1,11
Scatter chart,Scatter chart
no,no
Line chart,Line chart
0.0,0.8964879852125694
yes,yes
no,no
Vertical Bar chart,Vertical Bar chart
no,no
Linear,Linear
Line chart,Line chart
Line chart,Line chart
Line chart,Line chart
yes,yes
no,no
Line chart,Line chart
Line chart,Line chart
no,no
no,no
Line chart,Line chart
Vertical Bar chart,Vertical Bar chart
Scatter chart,Scatter chart
1.0,6922.415300564618
Line chart,Line chart
Vertical Bar chart,Vertical Bar chart
no,no
Vertical Bar chart,Vertical Bar chart
yes,yes
no,no
Line chart,Line chart
yes,no
Line chart,Line chart
Scatter chart,Scatter chart
categorical,categorical
Line chart,Line chart
no,no
no,no
Vertical Bar chart,Vertical Bar chart
Line chart,Line chart
Line chart,Line chart
Vertical Bar chart,Vertical Bar chart
Line chart,Line chart
Vertical,Vertical
1.0,1.4539662312838486
no,no
Line chart,Line chart
Line chart,Line chart
no,no
Line chart,Line chart
no,no
Line chart,Line chart
no,no
Scatter chart,Scatter chart
Line chart,Line chart
12 wks,4 wks
Vertical Bar chart,Vertical Bar chart
Line chart,Line chart
"165, 330, 82.5, 16","82.5, 165, 330, 82"
yes,yes
Line chart,Line chart
no,no
Line chart,Line chart
Line chart,Line chart
yes,yes
Line chart,Line chart
Line chart,Line chart
Line chart,Line chart
Vertical Bar chart,Vertical Bar chart
"pWT-1309, pWT-167, pWT-1",0.6965517241379312
Line chart,Line chart
no,yes
Vertical Bar chart,Vertical Bar chart
Line chart,Line chart
yes,yes
Line chart,Line chart
Line chart,Line chart
Line chart,Line chart
Line chart,Line chart
yes,yes
1,A
yes,yes
1.0,2.5
yes,yes
Vertical Boxplots,Vertical Bar chart
Line chart,Line chart
no,no
Line chart,Line chart
Line chart,Line chart
no,1.9656019656019657
no,no
Line chart,Line chart
Vertical Bar chart,Vertical Bar chart
Line chart,Line chart
Line chart,Line chart
AS10,"PEEK, CFR-PEEK"
Line chart,Line chart
Line chart,Line chart
yes,yes
1,1
1,1
Vertical Bar chart,Vertical Bar chart
no,no
Line chart,Line chart
Line chart,Line chart
Line chart,Line chart
Line chart,Line chart
10.0,"MR, LHLC"
Line chart,Line chart
1.0000000000000000,1158.4699453551912
1.0,2.0
yes,yes
Line chart,Line chart
yes,yes
no,no
Vertical Bar chart,Vertical Bar chart
Line chart,Line chart
no,no
no,no
yes,yes
Vertical Boxplots,Vertical Boxplots
Line chart,Line chart
yes,yes
no,no
Line chart,Line chart
Scatter chart,Scatter chart
Scatter chart,Scatter chart
Vertical Bar chart,Horizontal Bar chart
Line chart,Line chart
Vertical Bar chart,Vertical Bar chart
Line chart,Line chart
Line chart,Line chart
Line chart,Line chart
Vertical Bar chart,Vertical Bar chart
Line chart,Line chart
no,no
Line chart,Line chart
Line chart,Line chart
Line chart,Line chart
yes,yes
Line chart,Line chart
Vertical Bar chart,Vertical Bar chart
no,no
Vertical Bar chart,Vertical Bar chart
1.0,1.8
Line chart,Line chart
Line chart,Line chart
Line chart,Line chart
no,no
Line chart,Line chart
yes,yes
Line chart,Line chart
Vertical,Vertical
no,no
1.3219728450159599,"GT39, GT62, EGFP, buffer, wild-type"
no,yes
Vertical Bar chart,Vertical Bar chart
no,no
Line chart,Line chart
Lower Right,Lower Center
no,no
Line chart,Line chart
1.0,27.95857988165681
10.0,Pump Intensity (kW/cm^2)
Vertical Bar chart,Vertical Bar chart
yes,yes
Line chart,Line chart
Vertical Bar chart,Vertical Bar chart
no,no
Line chart,Line chart
Vertical Bar chart,Vertical Bar chart
no,yes
1.0,"N/A, pDADMAC"
yes,yes
no,no
Line chart,Line chart
Line chart,Line chart
yes,yes
Line chart,Line chart
Line chart,Line chart
0.67:10:1,"0, 1"
no,no
10.0,"Hualien City, Siaogang District"
Vertical Bar chart,Vertical Bar chart
Vertical Bar chart,Vertical Bar chart
yes,yes
0.0,9.565019357777281
Line chart,Line chart
Line chart,Line chart
Line chart,Line chart
0.0000000000000000,0.0679557792732801
Line chart,Line chart
Line chart,Line chart
Vertical Bar chart,Vertical Bar chart
Line chart,Line chart
1.0,456.76993177884117
Line chart,Line chart
Vertical Bar chart,Vertical Bar chart
Line chart,Line chart
yes,yes
Line chart,Line chart
yes,yes
Line chart,Line chart
yes,yes
Line chart,Line chart
Vertical Bar chart,Vertical Bar chart
Scatter chart,Scatter chart
0.0,27.347310847766643
"TC14T, TC12T",600.0
Line chart,Line chart
Vertical,Horizontal
no,no
Vertical Bar chart,Vertical Boxplots
yes,yes
Line chart,Line chart
1,1
Vertical,Vertical
no,no
Line chart,Line chart
Scatter chart,Scatter chart
no,no
Vertical Bar chart,Vertical Bar chart
Vertical Bar chart,Vertical Bar chart
Scatter chart,Line chart
Line chart,Line chart
no,no
no,no
yes,yes
0.0,1.0
Vertical Bar chart,Vertical Bar chart
1.0,2821.1805555555584
yes,yes
Line chart,Line chart
Line chart,Scatter chart
yes,yes
Line chart,Line chart
Line chart,Line chart
Line chart,Line chart
no,no
Line chart,Line chart
Vertical Bar chart,Vertical Bar chart
0.0,0.0
Line chart,Line chart
yes,yes
Scatter chart,Scatter chart
no,no
Line chart,Line chart
Line chart,Line chart
Vertical,Vertical
no,yes
Line chart,Line chart
Vertical Bar chart,Vertical Bar chart
1,4
Line chart,Line chart
Line chart,Line chart
1,1
no,yes
0.0000000000000000,"0, 24, 48, 72, 96"
no,no
0.0,Percent
Line chart,Line chart
0.001,years
Line chart,Line chart
Vertical Bar chart,Vertical Bar chart
Line chart,Line chart
no,yes
Vertical,Vertical
Line chart,Line chart
no,no
Line chart,Line chart
"TMC 37 °C, TMC 37 °C, Pseudomonas",post QFBE
0.0,0.0075071460809388
"0.000, 0.000, 0.25","0.350, 0.300, 0.25"
Line chart,Line chart
Line chart,Line chart
no,no
yes,yes
no,no
no,no
Scatter chart,Scatter chart
no,no
yes,yes
no,no
Line chart,Line chart
Line chart,Line chart
Vertical Bar chart,Vertical Bar chart
Vertical Boxplots,Vertical Boxplots
yes,yes
Line chart,Line chart
Line chart,Line chart
Line chart,Line chart
no,no
Line chart,Line chart
Line chart,Line chart
no,no
no,no
no,no
yes,yes
no,yes
yes,yes
Line chart,Line chart
Line chart,Line chart
Line chart,Line chart
Vertical Bar chart,Vertical Bar chart
Line chart,Line chart
Scatter chart,Scatter chart
yes,yes
Line chart,Line chart
yes,no
Line chart,Line chart
14-3-3e,"grh, bowl, grx-like 1, CTL 1, Group3"
Line chart,Line chart
Line chart,Line chart
Line chart,Line chart
WT,Time (minutes)
Test 1,15.0
yes,yes
Scatter chart,Scatter chart
Line chart,Line chart
yes,yes
Vertical Boxplots,Vertical Boxplots
Line chart,Line chart
yes,yes
yes,yes
no,no
Line chart,Line chart
Line chart,Line chart
yes,yes
Line chart,Line chart
0.0,3.4368039970880346
Vertical,Horizontal
Linear,Linear
yes,yes
Scatter chart,Scatter chart
yes,no
Line chart,Line chart
Line chart,Line chart
Line chart,Line chart
0.0000000000000000,18.542841690489013
Scatter chart,Scatter chart
no,no
yes,yes
Line chart,Line chart
Vertical,Vertical
no,no
Line chart,Line chart
Vertical Bar chart,Vertical Bar chart
yes,yes
Line chart,Line chart
Line chart,Line chart
yes,no
yes,yes
Line chart,Line chart
Line chart,Line chart
Line chart,Line chart
Line chart,Line chart
no,no
Line chart,Line chart
Line chart,Line chart
Vertical Bar chart,Vertical Bar chart
Line chart,Line chart
Line chart,Line chart
no,no
Line chart,Line chart
yes,yes
Line chart,Line chart
0.01,2.2914285714285714
Line chart,Line chart
Line chart,Line chart
Scatter chart,Scatter chart
Line chart,Line chart
Line chart,Line chart
Line chart,Line chart
Horizontal Bar chart,Horizontal Bar chart
Line chart,Line chart
Line chart,Line chart
Line chart,Line chart
no,no
yes,yes
Line chart,Line chart
Line chart,Line chart
Vertical Bar chart,Vertical Bar chart
no,no
0.0000000000000000,19.465380834230615
Line chart,Line chart
yes,yes
Line chart,Line chart
Scatter chart,Scatter chart
Line chart,Line chart
no,"Individual behaviors, Parent influences, Home environment factors"
Line chart,Line chart
Scatter chart,Scatter chart
no,dashed lines denote medians
Vertical Boxplots,Line chart
Line chart,Line chart
Line chart,Line chart
no,no
Line chart,Line chart
no,yes
Scatter chart,Scatter chart
yes,yes
no,Skewed
Line chart,Line chart
Line chart,Line chart
yes,yes
yes,yes
Vertical Bar chart,Vertical Bar chart
0.0000000000000000,92.03080063085629
yes,yes
Line chart,Line chart
yes,yes
Line chart,Line chart
yes,yes
Scatter chart,Scatter chart
Scatter chart,Scatter chart
10.000000000000000,"Au/PSi, freshly after annealing at 600 °C"
no,no
Control,ALC (6 day)
Line chart,Line chart
Vertical Boxplots,Vertical Boxplots
Line chart,Line chart
no,no
Vertical Bar chart,Vertical Bar chart
Line chart,Line chart
Line chart,Line chart
Scatter chart,Scatter chart
no,no
Vertical Bar chart,Vertical Bar chart
Line chart,Line chart
0.01,72.56461232604374
no,no
Vertical Bar chart,Scatter chart
Line chart,Line chart
Vertical,Vertical Boxplots
Line chart,Line chart
Long-term sickness absence (5 weeks),Unemployment
no,yes
2,>=2
Vertical Bar chart,Vertical Bar chart
Line chart,Line chart
no,no
Line chart,Line chart
Line chart,Line chart
Line chart,Line chart
no,no
0.0,0.0
no,no
no,yes
Line chart,Line chart
Line chart,Line chart
Line chart,Line chart
Line chart,Line chart
no,yes
Line chart,Line chart
no,yes
Line chart,Line chart
yes,yes
Vertical Boxplots,Vertical Boxplots
Line chart,Line chart
no,no
Line chart,Line chart
Line chart,Line chart
no,no
Line chart,Line chart
Line chart,Line chart
no,no
Line chart,Line chart
Line chart,Line chart
yes,yes
Line chart,Line chart
Line chart,Line chart
"0.00, 0.01, 0.03, ",0.0
no,no
no,no
Line chart,Line chart
Vertical Bar chart,Vertical Bar chart
no,yes
Line chart,Line chart
Line chart,Line chart
Line chart,Line chart
Vertical Bar chart,Vertical Bar chart
Line chart,Line chart
Line chart,Line chart
Line chart,Line chart
10,"4.6, 4.8, 5.0, 5.2"
no,no
Line chart,Line chart
no,yes
Line chart,Line chart
1,1
Scatter chart,Scatter chart
1.0,-0.172265456682118
Line chart,Line chart
Line chart,Line chart
no,no
Line chart,Line chart
yes,yes
no,yes
Line chart,Line chart
1,10
Line chart,Line chart
Line chart,Line chart
Line chart,Line chart
no,no
yes,yes
Line chart,Line chart
Line chart,Line chart
Vertical Bar chart,Vertical Bar chart
Vertical Bar chart,Vertical Bar chart
no,no
Scatter chart,Scatter chart
Line chart,Line chart
Vertical,Vertical
Linear,Linear
Line chart,Line chart
Line chart,Line chart
Line chart,Line chart
Line chart,Line chart
Line chart,Line chart
Line chart,Line chart
Line chart,Line chart
Line chart,Line chart
Vertical Bar chart,Vertical Bar chart
"Bare, TEOS, APTMS, TEOS/APTMS","0, 200"
Z_react/ qcm^2,"250 p p m, 150, 50, Blank"
Line chart,Line chart
Line chart,Line chart
Line chart,Line chart
Line chart,Line chart
Line chart,Line chart
Line chart,Line chart
Vertical Bar chart,Vertical Bar chart
no,no
yes,yes
yes,yes
Vertical Bar chart,Vertical Bar chart
0.0,"0, 1"
no,no
"Asarcik, Havza, Kavak, Ladik","Kavak, Vezirkopri, Havza, Asarcik"
Vertical Bar chart,Vertical Bar chart
Line chart,Line chart
Line chart,Line chart
Line chart,Line chart
yes,yes
Line chart,Line chart
no,no
yes,yes
no,no
Line chart,Line chart
Vertical Bar chart,Vertical Bar chart
1,1
Scatter chart,Scatter chart
Line chart,Line chart
no,yes
yes,no
0.0000000000000000,1.7806015440917438
nMn-bamboo,nMn-bamboo
no,yes
Line chart,Line chart
Line chart,Line chart
Line chart,Line chart
Line chart,Line chart
Vertical Bar chart,Vertical Bar chart
no,no
Line chart,Line chart
no,no
Line chart,Line chart
no,no
Line chart,Line chart
no,no
yes,yes
no,yes
Vertical Bar chart,Line chart
Scatter chart,Scatter chart
Line chart,Line chart
Line chart,Line chart
Line chart,Line chart
Vertical Bar chart,Vertical Bar chart
no,no
no,no
yes,yes
no,no
Vertical,Vertical
Vertical Bar chart,Vertical Bar chart
0.0,0.0
Line chart,Line chart
Line chart,Line chart
Line chart,Line chart
Line chart,Line chart
Vertical Bar chart,Vertical Bar chart
no,no
Line chart,Line chart
yes,yes
Line chart,Line chart
Scatter chart,Scatter chart
10000,23846.341839756704
Line chart,Line chart
no,no
Line chart,Line chart
Vertical Bar chart,Vertical Bar chart
Vertical Bar chart,Scatter chart
Line chart,Line chart
Vertical Bar chart,Vertical Bar chart
yes,yes
Vertical Bar chart,Vertical Bar chart
Line chart,Line chart
1,1
Line chart,Line chart
no,yes
Line chart,Line chart
Vertical Bar chart,Vertical Bar chart
Line chart,Line chart
no,no
Line chart,Line chart
1,1
Line chart,Line chart
yes,yes
Line chart,Line chart
no,no
no,yes
Line chart,Line chart
no,no
Line chart,Line chart
1,1
yes,no
Vertical Bar chart,Vertical Bar chart
Line chart,Line chart
Line chart,Line chart
yes,yes
Line chart,Line chart
no,no
Line chart,Scatter chart
Line chart,Line chart
1.0,2.0
0.0,11.551282051282053
Vertical Boxplots,Vertical Boxplots
no,no
Vertical Bar chart,Vertical Bar chart
Line chart,Line chart
180.0,-Log(P)
Line chart,Line chart
Linear,Linear
yes,yes
Vertical Bar chart,Vertical Bar chart
no,no
Vertical,Vertical
Line chart,Line chart
Line chart,Line chart
yes,yes
2014Q4,STEMI
no,no
0.05,0.0
no,no
Line chart,Line chart
"Non-disposable, Disposable, Non-disposable",April
Line chart,Line chart
Vertical Bar chart,Vertical Bar chart
Line chart,Line chart
yes,yes
Line chart,Line chart
1.0000000000000000,15.224010439321447
yes,yes
Vertical Bar chart,Vertical Bar chart
no,no
Vertical Bar chart,Horizontal Bar chart
Line chart,Line chart
Line chart,Line chart
Line chart,Line chart
no,yes
Vertical Bar chart,Vertical Bar chart
Line chart,Line chart
no,no
Line chart,Line chart
Line chart,Line chart
Vertical Bar chart,Vertical Bar chart
no,no
no,no
Scatter chart,Scatter chart
Line chart,Line chart
10.0,Tested recently
Line chart,Line chart
Line chart,Line chart
Vertical,Vertical
10.0,"20, 15, 10, 5, 0"
Line chart,Line chart
numerical,numerical
0.0000000000000000,540.0683630839347
yes,yes
yes,yes
Line chart,Line chart
Line chart,Line chart
yes,no
Line chart,Line chart
Line chart,Line chart
no,no
Line chart,Line chart
Scatter chart,Scatter chart
no,no
Line chart,Line chart
Line chart,Line chart
Line chart,Line chart
Line chart,Line chart
Line chart,Line chart
no,no
Line chart,Line chart
Scatter chart,Scatter chart
Line chart,Line chart
Vertical Bar chart,Line chart
Line chart,Line chart
yes,no
no,no
yes,yes
Line chart,Line chart
no,yes
Line chart,Line chart
Line chart,Line chart
Line chart,Line chart
no,yes
Line chart,Line chart
yes,yes
1,2
1,2
Line chart,Line chart
1,9
no,no
Line chart,Line chart
0.0,0.0
no,no
Line chart,Line chart
no,no
yes,yes
0.0000000000000000,marker number
Line chart,Line chart
yes,no
Line chart,Line chart
Line chart,Line chart
Line chart,Line chart
no,no
Line chart,Line chart
Line chart,Line chart
yes,yes
Line chart,Line chart
Line chart,Line chart
Youth (N=177),Adults (N=251)
Vertical Bar chart,Vertical Bar chart
no,no
yes,yes
Line chart,Line chart
Vertical Boxplots,Scatter chart
Line chart,Line chart
no,yes
ZnO,1.0 at% TiO_2 -ZnO
yes,yes
yes,yes
Vertical Bar chart,Vertical Bar chart
Line chart,Line chart
Vertical Bar chart,Vertical Bar chart
Vertical Bar chart,Vertical Bar chart
yes,yes
Scatter chart,Scatter chart
Line chart,Line chart
Line chart,Line chart
1,1994
10,"90, 88, 12, 79, 99"
IWT,WT
Line chart,Line chart
Vertical Bar chart,Vertical Bar chart
Line chart,Line chart
no,no
Horizontal Bar chart,Horizontal Bar chart
1,11
Line chart,Line chart
Line chart,Line chart
no,no
Line chart,Line chart
Line chart,Line chart
Line chart,Line chart
Line chart,Line chart
Line chart,Line chart
Line chart,Line chart
Line chart,Line chart
Line chart,Line chart
Line chart,Line chart
no,yes
yes,yes
yes,yes
"Bam, Shahbabak, Karm, Karm, Bart, Raft, Rajan","Bam, Sirjan"
MM,MM
Line chart,Line chart
Line chart,Line chart
Line chart,Line chart
Line chart,Line chart
no,yes
no,no
Vertical,Vertical
Line chart,Line chart
Line chart,Line chart
Line chart,Line chart
Line chart,Line chart
Line chart,Line chart
no,no
Line chart,Line chart
no,no
Line chart,Line chart
Line chart,Line chart
Line chart,Line chart
Scatter chart,Scatter chart
"1st Floor, 2000",1st Floor
Line chart,Line chart
no,no
Horizontal Bar chart,Horizontal Bar chart
Line chart,Scatter chart
Line chart,Line chart
no,yes
Line chart,Line chart
no,no
yes,yes
Line chart,Scatter chart
yes,yes
yes,no
0.0000000000000000,40.253777412553234
Line chart,Line chart
yes,yes
no,no
no,no
no,no
yes,yes
Line chart,Line chart
Line chart,Line chart
no,no
Line chart,Line chart
Line chart,Line chart
yes,yes
Line chart,Line chart
no,no
Line chart,Line chart
yes,yes
yes,yes
Line chart,Line chart
no,no
Vertical Bar chart,Line chart
Line chart,Line chart
25.0,87.4628751741841
Line chart,Line chart
Line chart,Line chart
Vertical,Vertical
Scatter chart,Scatter chart
Line chart,Line chart
Vertical,Vertical
no,no
Line chart,Line chart
Line chart,Line chart
Vertical Boxplots,Vertical Bar chart
Line chart,Line chart
no,no
Line chart,Line chart
Line chart,Line chart
Vertical Bar chart,Vertical Bar chart
Vertical Bar chart,Vertical Bar chart
Line chart,Line chart
Line chart,Line chart
Line chart,Line chart
yes,yes
Line chart,Line chart
1,1
Vertical Bar chart,Vertical Bar chart
Vertical,Horizontal
Line chart,Line chart
0.0,40.0
Scatter chart,Rat strain
Scatter chart,Scatter chart
Line chart,Line chart
Scatter chart,Scatter chart
Line chart,Line chart
Line chart,Line chart
no,no
Vertical,Vertical
Line chart,Line chart
no,no
yes,yes
no,no
0.0,0.0031178715109286
Line chart,Line chart
no,no
no,no
no,no
Line chart,Line chart
Line chart,Line chart
Vertical Bar chart,Vertical Boxplots
Line chart,Line chart
Line chart,Line chart
Vertical Bar chart,Line chart
Line chart,Line chart
Line chart,Line chart
Line chart,Line chart
no,no
Line chart,Line chart
1,3
0.0,Time (s)
yes,yes
Vertical Bar chart,Line chart
no,yes
Line chart,Line chart
yes,yes
Vertical Bar chart,Vertical Bar chart
no,no
Line chart,Line chart
Line chart,Line chart
Line chart,Line chart
no,yes
1,28
no,no
Line chart,Line chart
"10, 20, 30, 40","0, 10, 20, 30, 40,"
yes,yes
no,yes
Line chart,Line chart
Scatter chart,Line chart
no,no
"HT80_40, HT80_28, HT80_2","HT60_4d, HT90_30h"
Vertical Bar chart,Vertical Bar chart
1,Intervention group
Line chart,Line chart
no,no
no,no
no,yes
Line chart,Line chart
Vertical,Horizontal
yes,yes
Scatter chart,Scatter chart
Line chart,Line chart
10.0,+6
Line chart,Line chart
Top 7,OncoScore
no,no
Line chart,Line chart
no,no
1,5
no,no
0.0000000000000000,0.3714678801989627
100.0,90.1449275362319
no,no
Line chart,Line chart
Line chart,Line chart
Line chart,Line chart
Vertical Bar chart,Vertical Bar chart
yes,yes
no,no
Line chart,Line chart
no,no
Line chart,Line chart
Line chart,Line chart
Line chart,Line chart
Scatter chart,Scatter chart
Line chart,Line chart
no,no
yes,yes
no,yes
Vertical Bar chart,Vertical Bar chart
Line chart,Line chart
no,no
"Direct, Direct, Direct, Direct, Direct, Direct, Direct, Direct, Direct, Direct",GMRES
Vertical Bar chart,Vertical Bar chart
no,no
Scatter chart,Scatter chart
Line chart,Line chart
Line chart,Line chart
no,no
Line chart,Line chart
Line chart,Line chart
Line chart,Line chart
Line chart,Line chart
Vertical Bar chart,Vertical Bar chart
Line chart,Line chart
0.0,0.8660198660198659
Line chart,Line chart
Line chart,Line chart
yes,yes
0.0800000000000000,0.1428609176528320
Line chart,Line chart
no,no
Line chart,Line chart
Line chart,Line chart
Line chart,Line chart
0.0,0.8598647818070068
no,no
no,yes
Line chart,Line chart
no,yes
Line chart,Line chart
Line chart,Line chart
cyclohexane,acetonitrile
Line chart,Line chart
yes,yes
no,no
Vertical Bar chart,Vertical Bar chart
Line chart,Line chart
Vertical Boxplots,Vertical Boxplots
yes,yes
Line chart,Line chart
Vertical Bar chart,Vertical Bar chart
Line chart,Line chart
no,no
Line chart,Line chart
Horizontal Bar chart,Horizontal Bar chart
Line chart,Line chart
Line chart,Line chart
Line chart,Line chart
Vertical Bar chart,Vertical Boxplots
10.7%,10.7
yes,yes
categorical,numerical
Vertical Bar chart,Vertical Bar chart
"100, 80, 80, 100","120, 100, 80, 60, "
Line chart,Line chart
Line chart,Line chart
Line chart,Line chart
Line chart,Line chart
0.0,16
no,no
Line chart,Line chart
Line chart,Line chart
0.0,0.0
no,no
Line chart,Line chart
no,no
Horizontal,Vertical
Vertical Bar chart,Scatter chart
no,yes
Scatter chart,Scatter chart
Line chart,Line chart
yes,yes
0.0,0.1823502926609635
no,no
no,no
Scatter chart,Scatter chart
All analysed genes (26460),All analysed genes (26460)
no,no
no,yes
Line chart,Line chart
Vertical Boxplots,Vertical Boxplots
Vertical Bar chart,Vertical Bar chart
Line chart,Line chart
no,no
Line chart,Line chart
"TiO, TiO2, TiO3, TiO4","375, 400, 425, 450"
Line chart,Line chart
Vertical,Horizontal
0.0,0.0
"0-9, 10-19, 10-19,","0-9, 10-19"
no,no
Line chart,Line chart
Vertical Boxplots,Vertical Boxplots
Line chart,Line chart
yes,yes
"Stre8, Sycp1, Sycp2, Synt4","Stra8, Sycp2"
Line chart,Line chart
Line chart,Line chart
no,yes
AA (n=155),"AT (n=143), TT (n=40)"
no,no
Vertical,Vertical
no,no
Scatter chart,Scatter chart
no,no
yes,yes
categorical,categorical
no,yes
Line chart,Line chart
no,no
Line chart,Scatter chart
no,no
no,no
yes,yes
yes,yes
Vertical Bar chart,Vertical Bar chart
Line chart,Line chart
Line chart,Line chart
Line chart,Line chart
no,no
no,no
Vertical Bar chart,Vertical Bar chart
Vertical Boxplots,Vertical Boxplots
Vertical Bar chart,Vertical Bar chart
no,no
Line chart,Line chart
no,no
no,no
no,no
"Cu, Cu+N-Al_O_{3}_{3}_{",0.4838709677419359
0.0,0.0
no,no
yes,no
no,yes
Line chart,Line chart
Line chart,Line chart
Line chart,Line chart
Line chart,Line chart
Vertical Bar chart,Vertical Bar chart
Line chart,Line chart
1,4
Vertical Bar chart,Vertical Bar chart
Line chart,Line chart
Line chart,Line chart
Line chart,Line chart
Line chart,Line chart
Vertical Bar chart,Vertical Bar chart
161.5 MPa (0.30020000,\sigma = 64.6 MPa (0.2\sigma_
no,no
Line chart,Line chart
Vertical Bar chart,Vertical Bar chart
10.0,South Asian
Vertical Boxplots,Vertical Boxplots
1,"CE NTRAL, URBAN, SUB1, SUB2"
Line chart,Line chart
0.0,0.0048468517634218
Line chart,Line chart
Line chart,Line chart
Scatter chart,Scatter chart
yes,yes
Line chart,Line chart
no,yes
0.0000000000000000,0.7043053504487116
yes,yes
Line chart,Line chart
Line chart,Line chart
yes,yes
yes,yes
1,Follow-Up
0.0,Deviation from mean (%)
Line chart,Line chart
Line chart,Line chart
Line chart,Line chart
no,no
Line chart,Line chart
0.0,"50\mu g/mL, 100\mu g/mL"
Line chart,Line chart
Line chart,Line chart
Vertical Bar chart,Vertical Bar chart
0.0000000000000000,5.492152345179598
Line chart,Line chart
Line chart,Line chart
no,no
0.1,0.1
RFE with background 10B,Horizontal
Vertical Bar chart,Vertical Bar chart
no,no
no,yes
Line fitting,Line chart
yes,no
no,no
yes,yes
no,no
Line chart,Line chart
Vertical Bar chart,Vertical Bar chart
no,no
Line chart,Line chart
Line chart,Line chart
no,no
no,no
Line chart,Line chart
Line chart,Line chart
"Pes-20-BDP, Pes-10-BDP, Pes-1","Pes-10-BDP, Pe9"
Line chart,Line chart
Line chart,Line chart
Vertical Bar chart,Line chart
Child was sick,"Other reasons, Mother was sick, Advised at the hospital/HC, Mother had w"
0.0000000000000000,2.1534786963556556
yes,yes
Vertical Bar chart,Line chart
"1, 2, 3, 4, 5, 6, ","0.4, 0.2, 0.0, -0.2"
Vertical Bar chart,Vertical Bar chart
yes,yes
Lane 6,Int
no,no
Horizontal Bar chart,Horizontal Bar chart
Line chart,Line chart
1.0,0.7304582210242586
Line chart,Line chart
In-frame AUGs,Start codons
Line chart,Line chart
Line chart,Line chart
Line chart,Line chart
yes,yes
Vertical Boxplots,Vertical Boxplots
Line chart,Line chart
no,no
yes,yes
Line chart,Line chart
Line chart,Line chart
Line chart,Line chart
"Group I, Group II, Group III","Group I, Group II"
Line chart,Line chart
Line chart,Line chart
no,yes
Line chart,Line chart
Line chart,Line chart
1.0000000000000000,"W6W_within, Bt_within"
no,no
Vertical Bar chart,Vertical Bar chart
no,no
no,no
no,no
no,no
Line chart,Line chart
Vertical Bar chart,Vertical Bar chart
no,no
categorical,categorical
no,no
Vertical,Vertical
Line chart,Line chart
Vertical Bar chart,Vertical Bar chart
yes,yes
Vertical Bar chart,Scatter chart
Vertical Bar chart,Vertical Bar chart
Line chart,Line chart
no,no
Line chart,Line chart
Scatter chart,Scatter chart
Line chart,Line chart
Line chart,Line chart
Scatter chart,Scatter chart
yes,yes
Vertical Bar chart,Vertical Bar chart
yes,yes
yes,yes
yes,yes
no,no
"SELFA, Diabetes, Diabetes decile","5, 6, 2, 4, 3, 1"
Line chart,Line chart
Line chart,Line chart
Line chart,Line chart
no,no
yes,yes
yes,yes
HS,Would Use
no,no
no,no
Line chart,Line chart
categorical,categorical
Line chart,Line chart
Line chart,Line chart
no,no
Vertical,Vertical
Line chart,Line chart
0.0000000000000000,66.78684687405618
Line chart,Line chart
Line chart,Line chart
no,no
Line chart,Line chart
Vertical Bar chart,Vertical Bar chart
Line chart,Line chart
Vertical Bar chart,Vertical Bar chart
no,no
0.0,1275.0
Line chart,Line chart
Vertical Bar chart,Vertical Bar chart
Line chart,Line chart
Line chart,Line chart
"no-AITP, no-AITP, no-AITP",no-AITP
no,no
Line chart,Line chart
Line chart,Line chart
Line chart,Line chart
Scatter chart,Scatter chart
Line chart,Line chart
no,no
Line chart,Line chart
Line chart,Line chart
Vertical Bar chart,Vertical Bar chart
"100, 1200, 1400, 1","1400, 1200, 1000, "
Line chart,Line chart
categorical,numerical
yes,yes
Line chart,Line chart
Line chart,Line chart
yes,yes
0.0000000000000000,4
Scatter chart,Scatter chart
Line chart,Line chart
yes,yes
Line chart,Line chart
0.0,1.3296888569676995
no,no
no,no
Line chart,Line chart
Line chart,Line chart
no,no
Vertical Boxplots,Vertical Boxplots
Line chart,Vertical Bar chart
1,1
1,5
0.0000000000000000,40.0
1.0,"corynebacterium..., Bacillus sp."
Line chart,Line chart
Vertical Bar chart,Vertical Bar chart
Line chart,Line chart
Line chart,Scatter chart
Scatter chart,Scatter chart
1990-1995 APC = 1.78,1990-1995APC = 1.76^
Line chart,Line chart
Vertical,Vertical
no,no
yes,yes
yes,yes
10.0,"44.1 nm CS, 22.5 nm CS, 23"
Line chart,Line chart
Vertical Boxplots,Vertical Boxplots
yes,yes
Line chart,Line chart
Line chart,Line chart
Line chart,Line chart
Vertical Boxplots,Vertical Boxplots
Line chart,Line chart
Scatter chart,Scatter chart
no,no
Line chart,Line chart
no,no
Title,Number of days
Line chart,Line chart
yes,yes
Line chart,Line chart
Line chart,Line chart
yes,no
Line chart,Line chart
1,35
Line chart,Line chart
Scatter chart,Scatter chart
no,yes
Line chart,Line chart
yes,yes
yes,yes
1,2
yes,no
no,no
Line chart,Line chart
Scatter chart,Line chart
yes,yes
no,no
Vertical Bar chart,Vertical Boxplots
Vertical Boxplots,Line chart
Vertical Bar chart,Vertical Bar chart
yes,yes
Vertical Bar chart,Vertical Bar chart
no,no
"Not at all, A little bit, A fair amount","A little bit, A fair amount"
Line chart,Line chart
Line chart,Line chart
yes,yes
Scatter chart,Scatter chart
Line chart,Line chart
Vertical Bar chart,Line chart
Line chart,Line chart
Line chart,Line chart
Vertical Bar chart,Vertical Bar chart
Vertical,Horizontal
Line chart,Line chart
Line chart,Line chart
Line chart,Line chart
Line chart,Line chart
Vertical Bar chart,Vertical Bar chart
Line chart,Line chart
Line chart,Line chart
no,no
10,"-20, -10, 0, 10, 20"
Line chart,Line chart
Line chart,Line chart
Line chart,Line chart
no,no
no,no
Vertical Bar chart,Vertical Bar chart
no,no
10.0,22.069494203206485
yes,yes
Line chart,Line chart
Urban,Turn around time of DBS
Line chart,Line chart
Line chart,Line chart
Line chart,Line chart
Line chart,Line chart
yes,no
Vertical Bar chart,Vertical Bar chart
Vertical Bar chart,Vertical Bar chart
Line chart,Line chart
Line chart,Line chart
Line chart,Line chart
Line chart,Line chart
no,yes
Line chart,Line chart
0.0,1.0
Line chart,Line chart
no,no
Vertical Bar chart,Vertical Bar chart
Line chart,Line chart
yes,no
Vertical Bar chart,Vertical Bar chart
Vertical,Vertical
Line chart,Line chart
yes,yes
no,no
0.0,0.0256615878107457
Line chart,Line chart
no,no
Line chart,Line chart
Line chart,Line chart
Line chart,Line chart
2 dB,DSWPT
Line chart,Line chart
yes,yes
Line chart,Line chart
no,no
no,no
1.0,T/XYcodes
Vertical Bar chart,Vertical Bar chart
Scatter chart,Scatter chart
no,no
"10, 14, 16, 18, 18","SL, NI, HB, SN, WL, BB, MV, ST, NR, BY"
no,no
Line chart,Line chart
Vertical Bar chart,Vertical Bar chart
Line chart,Line chart
Vertical Bar chart,Vertical Bar chart
Line chart,Line chart
Line chart,Line chart
Vertical Bar chart,Line chart
Line chart,Line chart
Line chart,Line chart
Scatter chart,Scatter chart
yes,yes
yes,yes
Line chart,Line chart
Line chart,Line chart
Line chart,Line chart
no,no
1,7
Line chart,Line chart
Line chart,Line chart
0.0000000000000000,1.063662374821173
yes,yes
Line chart,Line chart
yes,yes
17.577811111111111,"Pharmacy (N=174), NGO clinic / worker (N=17)"
no,no
Vertical Bar chart,Vertical Bar chart
Vertical Bar chart,Vertical Bar chart
yes,yes
Vertical,Vertical
no,no
"Urban, Rural, Rural, Urban, Urban, Urban, Urban, Urban, Urban, Urban",10.0
1.0,18
Scatter chart,Scatter chart
no,yes
Line chart,Line chart
no,no
no,no
Line chart,Line chart
Scatter chart,Scatter chart
no,no
Vertical Boxplots,Vertical Boxplots
Line chart,Line chart
Line chart,Line chart
no,no
1,Elliptical
Line chart,Line chart
Line chart,Line chart
Vertical Bar chart,Scatter chart
Line chart,Line chart
Line chart,Line chart
no,no
Scatter chart,Scatter chart
Line chart,Line chart
Line chart,Line chart
yes,yes
Line chart,Line chart
categorical,categorical
no,no
Line chart,Line chart
no,yes
Scatter chart,Scatter chart
no,no
Vertical,Vertical
Vertical Bar chart,Vertical Bar chart
105.58,"S, B, a, Y"
yes,yes
Vertical Bar chart,Vertical Boxplots
Line chart,Line chart
Line chart,Line chart
yes,yes
1,Mongolian & others
Line chart,Line chart
10.0,"3, 5, 70, 220, 360"
no,yes
Vertical Bar chart,Vertical Bar chart
yes,yes
no,yes
1,6
Line chart,Line chart
"PN2, PN3, PN4, PN3",PN2
1,1
no,no
1.0,mean
Line chart,Line chart
Vertical Bar chart,Vertical Bar chart
no,no
Line chart,Line chart
no,no
Vertical Bar chart,Vertical Bar chart
Vertical Bar chart,Vertical Bar chart
Vertical Bar chart,Scatter chart
Line chart,Line chart
no,no
Line chart,Line chart
Line chart,Line chart
categorical,categorical
1,2
1,"West Hills HV, West Hills MV, Vestal HV, Vestal MV, Lon"
1,"Facility, Community, Traditional, No Care, Facility, Community, Traditional, No Care, Facility"
Line chart,Line chart
yes,yes
Line chart,Line chart
Line chart,Line chart
yes,no
Line chart,Line chart
Line chart,Line chart
Line chart,Line chart
yes,yes
Vertical Bar chart,Vertical Bar chart
no,yes
Line chart,Line chart
no,no
Line chart,Line chart
Line chart,Line chart
Vertical Boxplots,Vertical Boxplots
Vertical,Vertical
Line chart,Line chart
yes,no
Line chart,Line chart
Male,Lowest
no,no
Vertical Bar chart,Vertical Bar chart
no,no
1,"Dako HerceptTest (Dako), INFORM HER2 Dual ISH (Ro"
Line chart,Line chart
Line chart,Line chart
Line chart,Scatter chart
no,no
Line chart,Line chart
yes,yes
yes,yes
no,no
Vertical Bar chart,Vertical Bar chart
Line chart,Line chart
Line chart,Line chart
"3Cr-P110, 5Cr-P110","P110, 5Cr-P110"
no,no
Line chart,Line chart
Line chart,Line chart
Line chart,Line chart
no,no
no,no
Line chart,Line chart
Line chart,Line chart
Line chart,Line chart
Vertical Bar chart,Vertical Bar chart
1,1
Vertical Boxplots,Vertical Boxplots
no,yes
0.05m/mL,298.0
Line chart,Line chart
no,no
Family,"Araceae, Potamogetonaceae, Ceratophllaceae, Typhaca"
yes,yes
Line chart,Line chart
Line chart,Line chart
Vertical Bar chart,Vertical Bar chart
Line chart,Line chart
Scatter chart,Scatter chart
Line chart,Line chart
no,no
Line chart,Line chart
1,"26%, 0%, 55 %, 9%"
no,no
numerical,numerical
no,no
no,no
0.0000000000000000,1.1521019732810394
Line chart,Line chart
no,yes
Line chart,Line chart
Line chart,Line chart
Line chart,Line chart
no,no
no,yes
no,no
Line chart,Line chart
yes,yes
Line chart,Line chart
yes,yes
Line chart,Line chart
Line chart,Line chart
Line chart,Line chart
Line chart,Line chart
Line chart,Line chart
1.0,1H
Line chart,Line chart
Vertical Bar chart,Vertical Bar chart
no,no
Line chart,Line chart
1,3
Line chart,Scatter chart
1,4
Scatter chart,Scatter chart
Line chart,Line chart
Vertical Boxplots,Vertical Boxplots
Line chart,Line chart
yes,no
Line chart,Line chart
Line chart,Line chart
no,no
no,no
no,no
Line chart,Line chart
Line chart,Line chart
Vertical Bar chart,Vertical Bar chart
Line chart,Line chart
1.5,Smoking Bidi
Line chart,Line chart
Line chart,Line chart
no,no
Line chart,Line chart
10.000000000000000,9.947643979057592
0.0,Number of favorable alleles
no,no
1,3
Line chart,Line chart
no,no
Line chart,Line chart
no,no
yes,yes
Vertical Bar chart,Vertical Bar chart
Line chart,Line chart
Line chart,Line chart
no,yes
no,yes
Line chart,Line chart
Line chart,Line chart
no,no
Line chart,Line chart
Line chart,Line chart
1.0,3.0468266557057975
1,1
0.0,18.0
no,no
yes,yes
Vertical Boxplots,Vertical Boxplots
Line chart,Line chart
Line chart,Line chart
yes,no
Vertical Bar chart,Vertical Bar chart
"c587/+, 70.0","+EtOH, +7dC, +20E"
1,1
Vertical Boxplots,Vertical Boxplots
Line chart,Line chart
S11_New_Patch,Frequency (GHz)
Line chart,Line chart
Line chart,Line chart
Line chart,Line chart
Line chart,Line chart
no,no
Line chart,Line chart
no,no
Line chart,Line chart
Vertical Bar chart,Vertical Bar chart
no,no
no,no
Line chart,Line chart
Line chart,Line chart
no,no
Vertical Boxplots,Vertical Boxplots
Line chart,Line chart
no,no
Scatter chart,Scatter chart
Line chart,Line chart
Line chart,Line chart
yes,yes
Line chart,Line chart
Line chart,Line chart
yes,yes
Line chart,Line chart
no,no
no,no
Line chart,Line chart
yes,no
Line chart,Line chart
Line chart,Line chart
no,no
Line chart,Line chart
Line chart,Line chart
Scatter chart,Scatter chart
Line chart,Line chart
Line chart,Line chart
Line chart,Line chart
Line chart,Line chart
0.5,\alpha = 0.5
yes,yes
Line chart,Line chart
yes,yes
Line chart,Line chart
Line chart,Line chart
0.0,1086.696976187231
Line chart,Line chart
Line chart,Line chart
yes,yes
Line chart,Line chart
1.0,4.056137576596166
1.0,1.2185792349726776
Line chart,Line chart
Line chart,Line chart
Line chart,Line chart
Line chart,Line chart
Line chart,Line chart
Kiswahili,Respondents (%)
Line chart,Line chart
no,no
Line chart,Line chart
Line chart,Line chart
Line chart,Line chart
Line chart,Line chart
yes,yes
Line chart,Line chart
no,no
Scatter chart,Scatter chart
Line chart,Line chart
yes,yes
yes,yes
Line chart,Line chart
Vertical Bar chart,Vertical Bar chart
no,no
yes,yes
Line chart,Line chart
no,no
Line chart,Line chart
no,no
Line chart,Line chart
Line chart,Line chart
no,no
0.0000000000000000,94.0
Vertical Boxplots,Vertical Boxplots
0.0000000000000000,0.0567351500042981
Line chart,Line chart
yes,yes
0.0,Energy (eV)
Line chart,Line chart
no,no
Line chart,Line chart
no,no
Line chart,Line chart
Line chart,Line chart
yes,yes
1,9
yes,yes
Line chart,Line chart
no,yes
no,no
Line chart,Line chart
no,no
Line chart,Line chart
no,no
no,no
Line chart,Line chart
categorical,numerical
no,no
Line chart,Line chart
Vertical Bar chart,Scatter chart
no,no
Line chart,Line chart
yes,no
Line chart,Line chart
yes,yes
Line chart,Line chart
no,no
Line chart,Line chart
1,2
no,no
Line chart,Line chart
Vertical Bar chart,Vertical Bar chart
yes,yes
no,no
15 Vrms,4 Vrms
Line chart,Line chart
Vertical Boxplots,Vertical Boxplots
10,"Pain During Defication, Fecal Incontinence"
no,yes
0.9000000000000000,0.0618476925343305
Vertical Boxplots,Vertical Boxplots
yes,yes
1,1
yes,yes
yes,yes
Scatter chart,Scatter chart
yes,yes
Line chart,Line chart
Line chart,Line chart
no,yes
Line chart,Line chart
Line chart,Line chart
no,no
Lower Right,Lower Center
0.0,Air pollutant concentration (\mu g/ m^3)
Scatter chart,Scatter chart
Vertical Bar chart,Vertical Bar chart
Line chart,Line chart
Line chart,Line chart
0.0,13.766312594840668
0.0,Affected
100,"0, 1, 2, 3, 4, 5, "
no,no
yes,yes
yes,yes
Line chart,Line chart
Horizontal Bar chart,Horizontal Bar chart
yes,no
yes,yes
Line chart,Line chart
Vertical Bar chart,Vertical Bar chart
0.0,"89.1, 1.1"
1,2
yes,yes
yes,yes
Line chart,Line chart
Scatter chart,Scatter chart
1,4
no,0.6
yes,no
yes,yes
Line chart,Line chart
yes,yes
Scatter chart,Scatter chart
Scatter chart,Scatter chart
yes,yes
no,yes
Line chart,Line chart
Line chart,Line chart
Line chart,Line chart
no,no
Line chart,Line chart
"PP-Acetic, PP-Formic, PP-Formic, PP-Base",999999.0
no,no
1,"Group I, Group II, GroupIII, Group IV, Group V, Group VI"
Line chart,Line chart
Line chart,Line chart
Line chart,Line chart
Line chart,Line chart
Vertical Bar chart,Vertical Bar chart
"1, 100, 100, 100, ","Air particulate matter, Noise"
no,no
Line chart,Line chart
Scatter chart,Line chart
Vertical Bar chart,Vertical Bar chart
Line chart,Line chart
no,no
no,no
no,no
no,yes
10.0,"2, 3"
1,10
Line chart,Line chart
0.0000000000000000,0.0
Air,0.0
1,1
Vertical Boxplots,Vertical Boxplots
no,no
Line chart,Line chart
no,yes
Line chart,Line chart
Line chart,Line chart
no,no
10.0,"Alerting to \n wrong medicine, Prompting \n admin of \n forgotten \n"
1,12
yes,yes
Line chart,Line chart
Vertical Bar chart,Horizontal Bar chart
R = 3,R=3
Line chart,Line chart
no,no
yes,yes
Line chart,Line chart
Line chart,Line chart
Horizontal Bar chart,Horizontal Bar chart
Line chart,Line chart
Line chart,Line chart
Line chart,Line chart
0.0,1.0
Line chart,Line chart
"0.3m, 1.5h^{-1}","0, 200"
Line chart,Line chart
yes,yes
Line chart,Line chart
Line chart,Line chart
Line chart,Line chart
Line chart,Line chart
Scatter chart,Scatter chart
Line chart,Line chart
yes,yes
Vertical Bar chart,Vertical Bar chart
1.0,"TCP, ti_PU_1"
Line chart,Line chart
Line chart,Line chart
Line chart,Line chart
Line chart,Line chart
Line chart,Line chart
1,7
Line chart,Line chart
Line chart,Line chart
yes,yes
Vertical Bar chart,Scatter chart
Line chart,Line chart
yes,yes
no,no
Line chart,Line chart
Vertical Bar chart,Vertical Bar chart
1,1
Vertical Bar chart,Line chart
no,no
no,yes
Scatter chart,Scatter chart
Male,Female
yes,yes
Line chart,Line chart
Line chart,Line chart
1,1
Line chart,Line chart
Line chart,Line chart
Line chart,Line chart
no,no
yes,yes
Vertical,Vertical
Line chart,Line chart
Vertical Bar chart,Vertical Bar chart
Line chart,Line chart
yes,yes
no,no
Line chart,Line chart
yes,yes
Line chart,Line chart
no,no
Line chart,Line chart
Vertical Bar chart,Vertical Bar chart
1,1
Line chart,Line chart
Line chart,Line chart
no,no
yes,no
no,no
Line chart,Line chart
Vertical Bar chart,Vertical Bar chart
no,no
Vertical Bar chart,Vertical Bar chart
Line chart,Line chart
Scatter chart,Scatter chart
Line chart,Line chart
c-233 G-A,"c.-233 C>T, Basic"
yes,yes
no,no
Vertical,Vertical
yes,Skewed
Line chart,Line chart
Vertical,Vertical
"OVA, CNP, CNP","Saline, CNP"
Line chart,Line chart
"100, 400, 800, 800","800, 600, 400, 200"
no,no
1,6
Line chart,Line chart
yes,yes
no,no
no,no
Lower limit,design value
Line chart,Line chart
Line chart,Line chart
wild-type,% Abnormal Gonad Arms
0.0,Specificity (bits)
no,no
Line chart,Line chart
Line chart,Line chart
no,no
yes,yes
no,no
Line chart,Line chart
Line chart,Line chart
Control,0.0
Vertical Bar chart,Vertical Bar chart
1.0,Operatlng workers
no,no
no,no
Line chart,Line chart
1.0,0.0
Line chart,Line chart
Scatter chart,Scatter chart
Line chart,Line chart
Line chart,Line chart
Scatter chart,Scatter chart
0.0,4.432670496187792
Line chart,Line chart
yes,yes
Vertical Bar chart,Vertical Bar chart
Line chart,Line chart
no,yes
10.0,"cheese, dessert, other milk products, meat{beef, pork, lamd, chicken"
no,yes
Line chart,Line chart
no,no
yes,yes
Vertical,Vertical
Vertical,Vertical
Line chart,Line chart
no,no
Line chart,Line chart
Line chart,Line chart
no,no
Scatter chart,Scatter chart
no,no
yes,yes
Line chart,Line chart
10.0,"V-->I, V--->M, A--->T, G--->S,"
viscosity,Viscosity [Pa s]
Line chart,Line chart
no,no
Vertical Bar chart,Vertical Bar chart
no,yes
Vertical Bar chart,Vertical Bar chart
Line chart,Line chart
Vertical Bar chart,Vertical Bar chart
Scatter chart,Scatter chart
Scatter chart,Scatter chart
Line chart,Line chart
Line chart,Line chart
Line chart,Line chart
no,no
1.0,"1.0, 0.8, 0.6, 0.4"
Line chart,Scatter chart
Line chart,Line chart
G-protein coupled receptor protein signaling pathway,"Transmembrane, Cell adhesion"
yes,yes
Line chart,Line chart
Vertical Bar chart,Vertical Bar chart
Vertical,Vertical
Scatter chart,Scatter chart
Line chart,Line chart
no,no
Line chart,Line chart
Line chart,Line chart
no,no
yes,yes
no,no
Line chart,Line chart
Line chart,Line chart
Line chart,Line chart
"MZ, MZ, MZ, MZ, MZ, MZ, ","LR, MZ, LR, MZ, LR"
Scatter chart,Line chart
Line chart,Line chart
yes,yes
0.0014161616161616,0.1298701298701298
Line chart,Line chart
Vertical Bar chart,Vertical Bar chart
Scatter chart,Scatter chart
Line chart,Line chart
yes,yes
Line chart,Line chart
Linear,Linear
no,no
Line chart,Line chart
no,yes
yes,yes
no,no
Line chart,Line chart
yes,yes
no,yes
Vertical Bar chart,Vertical Bar chart
Line chart,Line chart
yes,yes
Line chart,Line chart
yes,yes
0.0,-0.0007948742379859
Line chart,Line chart
no,no
Line chart,Line chart
no,yes
no,yes
Vertical Bar chart,Vertical Bar chart
no,no
Line chart,Line chart
Vertical,Vertical
Line chart,Line chart
no,no
no,no
yes,yes
Scatter chart,Upper Center
Line chart,Line chart
Scatter chart,Line chart
nMn-bamboo,nMn-bamboo
no,no
24.0,0.0
Line chart,Line chart
Line chart,Line chart
no,no
"Area A1, Area A2",Area A2
Vertical Boxplots,Vertical Boxplots
1.0,0.4342655094824817
yes,yes
no,no
Line chart,Line chart
Line chart,Line chart
no,no
1.8,Proportion (%)
Line chart,Line chart
Line chart,Line chart
Line chart,Line chart
no,no
Line chart,Line chart
Line chart,Line chart
categorical,categorical
Line chart,Line chart
Scatter chart,Scatter chart
yes,no
pH=5,1
stationary state,Time t (s)
no,no
Line chart,Line chart
1.0,0.0
Line chart,Line chart
"10-150, 80-120, 80","S3, G3"
yes,yes
Vertical Bar chart,Vertical Bar chart
no,yes
Scatter chart,Scatter chart
no,no
no,yes
Line chart,Line chart
Scatter chart,Scatter chart
Line chart,Line chart
no,no
no,no
Scatter chart,Scatter chart
no,no
no,yes
Scatter chart,Scatter chart
no,yes
1088,"Py, MSNs, HTCC, Py@MSNs-HTCC, "
Line chart,Line chart
1,TC/CC
Line chart,Line chart
Line chart,Line chart
Vertical Bar chart,Vertical Bar chart
1,1
no,no
yes,yes
Line chart,Line chart
10.0,"Au, 10^{2} R_{\odot }, 10"
no,no
Vertical Bar chart,Vertical Bar chart
Line chart,Line chart
Line chart,Vertical Boxplots
0.0,7.190619652948762e
Vertical Bar chart,Vertical Bar chart
Line chart,Line chart
Vertical Bar chart,Vertical Boxplots
yes,yes
0.0,6.499999999999999
Line chart,Line chart
Line chart,Line chart
Line chart,Line chart
Vertical Bar chart,Vertical Bar chart
Line chart,Line chart
Scatter chart,Scatter chart
Line chart,Line chart
Line chart,Line chart
yes,yes
yes,yes
no,no
1,10
Horizontal Bar chart,Horizontal Bar chart
Line chart,Line chart
no,no
1.0,10.0
Line chart,Line chart
Scatter chart,Scatter chart
Vertical Bar chart,Vertical Bar chart
Line chart,Line chart
0.04,8.0
no,no
Line chart,Line chart
no,no
Line chart,Line chart
yes,yes
yes,yes
Vertical,Vertical
Line chart,Line chart
Line chart,Line chart
Line chart,Line chart
Line chart,Line chart
0.0,0.4284595811313368
Line chart,Line chart
no,yes
Vertical Bar chart,Vertical Bar chart
no,no
Line chart,Line chart
Line chart,Line chart
yes,yes
"SP, FET, ET","ET, FET"
Line chart,Line chart
Vertical Bar chart,Vertical Bar chart
Line chart,Line chart
Line chart,Line chart
1.0,"1342, 1575"
Line chart,Line chart
Vertical Bar chart,Vertical Bar chart
Horizontal Bar chart,Horizontal Bar chart
Line chart,Line chart
Line chart,Line chart
Line chart,Line chart
yes,yes
0.0,0.9753921038399135
no,no
Line chart,Line chart
yes,yes
no,yes
Line chart,Line chart
no,no
Vertical Bar chart,Line chart
Line chart,Line chart
no,no
Line chart,Line chart
Line chart,Line chart
no,no
1,4
Line chart,Line chart
Line chart,Line chart
no,yes
Line chart,Line chart
0.0,441.9878296146045
no,no
no,no
Line chart,Line chart
yes,yes
no,no
Line chart,Line chart
yes,yes
Line chart,Line chart
Line chart,Line chart
Vertical Bar chart,Vertical Bar chart
0.0000000000000000,3.214285714285715
Line chart,Line chart
Line chart,Line chart
yes,yes
Horizontal Bar chart,Horizontal Bar chart
Line chart,Line chart
Line chart,Line chart
0.0,1.0
yes,no
no,no
Scatter chart,Scatter chart
no,yes
yes,no
Line chart,Line chart
0.0000000000000000,49.945115257958264
Line chart,Line chart
Line chart,Line chart
10.0,"Gender, Male, Female, 87.1, 23.0, "
0.0000000000000000,0.0394443491682387
Line chart,Line chart
Vertical Bar chart,Vertical Bar chart
"100, 100, 100, 100","Ward-Manhattan, Mcquitty-Manhattan, Complete-Manhattan"
Vertical,Vertical
0.0,0.6361091672498252
Line chart,Line chart
Line chart,Line chart
yes,yes
"0.25, 1.0",0.0006606677754579
0.0,0.7974927675988428
Vertical,Vertical
Line chart,Line chart
yes,yes
Line chart,Line chart
Scatter chart,Vertical Boxplots
no,no
Vertical Bar chart,Vertical Bar chart
0.050,[unnamed data series #1]
"ID_20, ID_24, ID_27, ID_26",Principle component 1 ( 10.3 %)
Vertical Bar chart,Vertical Bar chart
Line chart,Line chart
no,no
Line chart,Line chart
Vertical,Vertical
Vertical,Horizontal
Line chart,Line chart
Scatter chart,Scatter chart
Line chart,Line chart
1.0,14.0
Line chart,Line chart
yes,yes
Line chart,Line chart
Female,Female
Line chart,Line chart
yes,no
no,no
Line chart,Line chart
no,no
0.002,0.006
Scatter chart,Scatter chart
Vertical,Horizontal
no,yes
no,no
Line chart,Line chart
Line chart,Line chart
30 mins,<30 mins
no,no
Vertical Bar chart,Vertical Bar chart
Line chart,Line chart
Line chart,Line chart
Line chart,Line chart
Line chart,Line chart
Line chart,Line chart
Line chart,Line chart
Line chart,Line chart
Line chart,Line chart
Vertical,Vertical
Line chart,Line chart
yes,yes
Line chart,Line chart
no,no
no,no
Line chart,Line chart
Scatter chart,Scatter chart
Vertical Bar chart,Vertical Bar chart
no,no
Line chart,Line chart
Vertical Bar chart,Vertical Bar chart
no,no
no,no
"G1, G2, G3, G5, G8, G9, G",(P)
no,no
Line chart,Line chart
Line chart,Line chart
no,no
no,no
no,no
1,4
Line chart,Line chart
Line chart,Line chart
yes,yes
Line chart,Line chart
Line chart,Line chart
yes,yes
no,no
yes,yes
Line chart,Line chart
yes,yes
Line chart,Line chart
yes,yes
Vertical Bar chart,Vertical Bar chart
Line chart,Line chart
0.5,0.0
no,no
Vertical Bar chart,Vertical Bar chart
0.0000000000000000,584.3891756608791
no,no
0.0,0.0272288834054664
Vertical Bar chart,Vertical Bar chart
Line chart,Line chart
Line chart,Line chart
1.0,0.9801616822893419
0.0,0.0707772514224126
no,no
Line chart,Line chart
Line chart,Line chart
no,no
1,1
Line chart,Line chart
Line chart,Line chart
10.0,Upper Right
yes,no
Vertical,Horizontal
1,2
Line chart,Line chart
wind speed in two weeks prior,wind speed in two weeks prior
Line chart,Line chart
Line chart,Line chart
yes,yes
Line chart,Line chart
Line chart,Line chart
Line chart,Line chart
Vertical,Vertical
Line chart,Line chart
yes,yes
no,yes
no,no
yes,yes
Line chart,Line chart
Vertical Bar chart,Vertical Bar chart
no,yes
Line chart,Line chart
Line chart,Line chart
Scatter chart,Scatter chart
Line chart,Line chart
Line chart,Line chart
1,2
Line chart,Line chart
no,no
yes,yes
Line chart,Line chart
Line chart,Line chart
0.0025,0.002
Line chart,Line chart
Vertical,Vertical
Line chart,Line chart
yes,yes
Scatter chart,Scatter chart
Scatter chart,Scatter chart
Line chart,Line chart
Line chart,Line chart
Line chart,Line chart
yes,yes
Line chart,Line chart
Line chart,Line chart
Vertical Bar chart,Vertical Bar chart
yes,yes
Line chart,Line chart
Line chart,Line chart
no,no
1.0,Ghazvin (less polluted area)
Scatter chart,Scatter chart
Scatter chart,Scatter chart
Line chart,Line chart
12.4,Upper Left
Vertical Bar chart,Vertical Bar chart
Line chart,Line chart
yes,yes
Vertical Bar chart,Line chart
no,yes
yes,yes
Line chart,Line chart
no,no
Line chart,Line chart
"e-TCQ, e-TCQ, e-TCQ, e-TCQ",TCQ
yes,yes
no,no
Scatter chart,Scatter chart
0.0,2000.0
yes,yes
yes,yes
0.0,0.0068613376730921
no,no
0.335,Order
Line chart,Vertical Bar chart
Line chart,Line chart
no,yes
Line chart,Line chart
Line chart,Line chart
Line chart,Line chart
yes,no
Vertical Bar chart,Vertical Bar chart
Line chart,Line chart
Vertical,Vertical
yes,yes
no,no
Line chart,Line chart
Line chart,Line chart
Vertical Boxplots,Vertical Boxplots
no,no
Line chart,Line chart
1.0,S
0.0000000000000000,0.0107816711590296
Line chart,Line chart
Vertical Bar chart,Vertical Bar chart
Line chart,Line chart
Vertical,Vertical
Line chart,Line chart
Vertical Bar chart,Vertical Bar chart
yes,yes
no,fru
yes,yes
no,Vertical
Vertical Bar chart,Vertical Bar chart
no,yes
Vertical Bar chart,Vertical Bar chart
Line chart,Line chart
no,yes
yes,yes
Line chart,Line chart
Line chart,Line chart
Scatter chart,Scatter chart
Line chart,Line chart
no,no
Line chart,Line chart
yes,yes
0.0,-55.0
Line chart,Line chart
Line chart,Line chart
Vertical,Vertical
no,no
Vertical,Vertical
1x10^1 W/mmk,v
Line chart,Line chart
Vertical Boxplots,Horizontal Bar chart
Line chart,Line chart
yes,no
no,no
Scatter chart,Scatter chart
Line chart,Line chart
0.0000000000000000,"Bacteroidetes, Proteobacteria, Firmicutes"
"YJR2, YJR2, YJR2, YJR2",49.93065187239938
1,"0, 0.02, 0.04, 0.0"
Line chart,Line chart
no,no
yes,yes
Line chart,Line chart
no,no
Line chart,Line chart
no,no
Line chart,Line chart
Vertical Bar chart,Vertical Bar chart
1.8.5,3.3857868020304567
no,no
yes,yes
Line chart,Line chart
Line chart,Line chart
0.0000000000000000,0.25
yes,yes
1,3
Line chart,Line chart
no,no
yes,yes
0.05,0.0
1,396
yes,yes
Horizontal Bar chart,Horizontal Bar chart
10.0,0.0894759267149551
no,yes
Vertical Bar chart,Vertical Bar chart
no,no
no,no
1.0,*
"100, 1000, 1000, 1","5, 5, 4, 4, 3, 3, "
Line chart,Line chart
Line chart,Line chart
0.15,20.0
Line chart,Line chart
Vertical Bar chart,Vertical Bar chart
no,yes
1.0,SALK_003381_S
no,no
no,no
yes,no
Line chart,Line chart
Scatter chart,Scatter chart
Line chart,Line chart
yes,yes
yes,yes
Line chart,Line chart
Line chart,Line chart
yes,no
Line chart,Line chart
Line chart,Line chart
no,no
Scatter chart,Scatter chart
no,no
1,2
no,no
Vertical Bar chart,Vertical Bar chart
Line chart,Line chart
yes,yes
Line chart,Line chart
yes,no
"Sun, Mon","Mon, Thur"
Line chart,Line chart
no,yes
Scatter chart,Scatter chart
Vertical Bar chart,Vertical Bar chart
no,no
Line chart,Line chart
no,no
Vertical Bar chart,Vertical Bar chart
1,7
Vertical Bar chart,Vertical Bar chart
Line chart,Line chart
Line chart,Line chart
Scatter chart,Scatter chart
Vertical Boxplots,Vertical Boxplots
no,no
Line chart,Line chart
Vertical,Vertical
Line chart,Line chart
1,Healthy eating
Line chart,Line chart
Vertical,Vertical
Line chart,Line chart
Scatter chart,Scatter chart
Vertical Bar chart,Vertical Boxplots
yes,yes
yes,no
Line chart,Line chart
Line chart,Line chart
Vertical Boxplots,Vertical Boxplots
Scatter chart,Scatter chart
no,no
1.0000000000000000,1.4149855907780982
Line chart,Line chart
Line chart,Line chart
MitM Fugitive,MIM Fugitive
0.0,2.357142857142857
Line chart,Line chart
Line chart,Line chart
0.0,"1, 3"
Line chart,Line chart
Line chart,Line chart
no,yes
Area under curve,0.0089480325800160
0.0000000000000000,1.0
yes,yes
Line chart,Line chart
Line chart,Line chart
Scatter chart,Scatter chart
Line chart,Line chart
Vertical Bar chart,Vertical Bar chart
Line chart,Line chart
Vertical Bar chart,Vertical Bar chart
Vertical Bar chart,Vertical Bar chart
0.0,64.0
no,no
no,no
1.0,0.0827586206896557
Line chart,Line chart
no,no
"0, 12, 20, 29, 36,","0, 4, 8, 12, 16, 2"
1.0,0.2812448270153923
no,no
1,12
Line chart,Line chart
Vertical,Vertical
Line chart,Line chart
Line chart,Line chart
Line chart,Line chart
Line chart,Line chart
no,no
Line chart,Line chart
Line chart,Line chart
Vertical Boxplots,Vertical Boxplots
1.0,0.6673728813559316
yes,yes
Line chart,Line chart
Line chart,Line chart
yes,yes
Line chart,Line chart
Line chart,Line chart
Line chart,Line chart
no,no
Vertical Bar chart,Line chart
Line chart,Line chart
no,no
Vertical,Vertical
yes,yes
Line chart,Line chart
numerical,numerical
no,no
Line chart,Line chart
yes,yes
Line chart,Line chart
WHtr < 0.5,WHR >= 0.6
no,yes
Line chart,Line chart
yes,no
Line chart,Line chart
Line chart,Line chart
Vertical Boxplots,Vertical Boxplots
Scatter chart,Scatter chart
0.35,0.0
0.0,Chromosome 4 (cM)
Line chart,Line chart
yes,yes
no,no
Vertical Bar chart,Vertical Bar chart
Line chart,Line chart
Line chart,Line chart
Vertical Bar chart,Vertical Bar chart
yes,yes
Line chart,Line chart
Vertical Boxplots,Line chart
Line chart,Line chart
1,6
Vertical,Vertical
Line chart,Line chart
Vertical,Vertical
yes,no
Line chart,Line chart
Line chart,Line chart
Line chart,Line chart
Line chart,Line chart
no,no
Line chart,Line chart
yes,yes
Line chart,Line chart
no,no
no,yes
yes,yes
Vertical Bar chart,Vertical Bar chart
100.0,Temperature (°C)
Vertical Bar chart,Vertical Bar chart
Line chart,Line chart
no,no
1,12
no,no
Line chart,Line chart
Line chart,Line chart
Line chart,Line chart
Line chart,Line chart
no,yes
0.3559999999999999,0.0935958859103036
Line chart,Line chart
yes,no
Line chart,Line chart
no,no
no,yes
0.0,-20.0
Line chart,Line chart
no,yes
1,1
no,no
Vertical,Vertical
Line chart,Line chart
Line chart,Line chart
yes,yes
Vertical Bar chart,Vertical Bar chart
Line chart,Line chart
Line chart,Line chart
Line chart,Line chart
no,no
yes,yes
1,1
Line chart,Line chart
Line chart,Line chart
Line chart,Line chart
yes,yes
Line chart,Line chart
no,no
no,no
no,no
Line chart,Line chart
no,no
Line chart,Line chart
Line chart,Line chart
Line chart,Line chart
Vertical Bar chart,Vertical Bar chart
Line chart,Line chart
Line chart,Line chart
1/2,3.914130434782608
Scatter chart,Scatter chart
no,yes
Vertical Bar chart,Vertical Bar chart
Line chart,Line chart
0.0,significant
no,no
Line chart,Line chart
0.0,7.0
no,no
no,no
Line chart,Line chart
Line chart,Scatter chart
Vertical Bar chart,Vertical Bar chart
"Moderately insecure, Severely insecure, Mildely insecure",Mildly insecure
Line chart,Line chart
Vertical,Vertical
no,no
"100, 100, 100, 100","0.0, 0.5, 1.0, 1.5"
no,no
Line chart,Line chart
yes,yes
Vertical Bar chart,Vertical Boxplots
Line chart,Line chart
Line chart,Line chart
Scatter chart,Scatter chart
Line chart,Line chart
exponential,mRNA content
Line chart,Line chart
Line chart,Line chart
Vertical Bar chart,Vertical Bar chart
1,1
Line chart,Line chart
1,Q. opienensis
no,no
Line chart,Line chart
Vertical Bar chart,Vertical Bar chart
Line chart,Line chart
Line chart,Line chart
Vertical Bar chart,Vertical Bar chart
no,yes
no,no
Line chart,Line chart
no,no
Line chart,Line chart
yes,yes
Line chart,Line chart
Line chart,Line chart
3,"1, 3"
no,no
Line chart,Line chart
Line chart,Line chart
1,12
Line chart,Line chart
Line chart,Line chart
Line chart,Line chart
no,no
0.0,time (h)
no,no
Line chart,Line chart
Line chart,Line chart
Scatter chart,Scatter chart
yes,yes
yes,yes
no,no
1,No conflict event
Line chart,Line chart
Linear,Linear
Line chart,Line chart
Line chart,Line chart
1.0,"0.1, 0.2, 0.3, 18."
yes,no
Line chart,Line chart
Line chart,Line chart
yes,no
Vertical Bar chart,Vertical Bar chart
Line chart,Line chart
Line chart,Line chart
Line chart,Line chart
Vertical Bar chart,Vertical Bar chart
Scatter chart,Scatter chart
no,no
Line chart,Line chart
Line chart,Line chart
"OG, OW, PK, PP, D, 30, 40","single, undetermined, multiple, D, OJ, QP, A, 0"
yes,yes
no,no
Vertical,Vertical
"1, 2, 3, 4, 5, 6, ","1, 1.5, 2, 2.5, 3,"
no,no
Vertical Boxplots,Vertical Boxplots
Line chart,Line chart
Line chart,Line chart
Vertical Boxplots,Vertical Boxplots
Scatter chart,Upper Right
no,no
no,no
Line chart,Line chart
no,yes
Line chart,Line chart
Vertical Bar chart,Vertical Bar chart
Scatter chart,Scatter chart
no,no
Line chart,Line chart
0.0000000000000000,0.9748247953150064
Line chart,Line chart
no,no
Line chart,Line chart
Vertical Bar chart,Vertical Bar chart
Line chart,Line chart
Vertical Bar chart,Vertical Bar chart
Vertical Bar chart,Horizontal Bar chart
yes,yes
Line chart,Line chart
0.0000000000000000,0.8133668812337349
no,no
Line chart,Line chart
no,no
no,no
Vertical Boxplots,Vertical Boxplots
Line chart,Line chart
Vertical Bar chart,Vertical Bar chart
Line chart,Line chart
Line chart,Line chart
Line chart,Line chart
Line chart,Line chart
no,no
yes,yes
PB 6.0,Center Right
Vertical Bar chart,Vertical Bar chart
Vertical Bar chart,Line chart
1,13
yes,yes
Line chart,Line chart
Line chart,Scatter chart
Line chart,Line chart
Line chart,Line chart
yes,no
Line chart,Line chart
Line chart,Line chart
no,no
Line chart,Line chart
Line chart,Line chart
0.0000000000000000,0.0212206510580521
Line chart,Line chart
Line chart,Line chart
Line chart,Line chart
no,no
1,2
Scatter chart,Scatter chart
no,no
yes,yes
1.0,0.4416894279812426
no,no
Line chart,Line chart
no,no
1,2
0.0000000000000000,43.8336237593757
Vertical Bar chart,Line chart
yes,yes
Vertical Boxplots,Scatter chart
Line chart,Line chart
1,7
yes,no
Vertical,Horizontal
Vertical Bar chart,Vertical Bar chart
Scatter chart,Scatter chart
no,no
yes,yes
yes,yes
10.0,100.77571669477234
no,no
Line chart,Line chart
Line chart,Line chart
Vertical Bar chart,Vertical Bar chart
Line chart,Line chart
no,no
no,no
0.0000000000000000,2.7014825679416674
Line chart,Line chart
Line chart,Line chart
Line chart,Line chart
Line chart,Line chart
Vertical Bar chart,Vertical Bar chart
Vertical Bar chart,Vertical Bar chart
yes,yes
Line chart,Line chart
Line chart,Line chart
Lower Right,Center Right
Line chart,Line chart
Vertical Bar chart,Vertical Bar chart
Vertical Bar chart,Horizontal Bar chart
2012,"2009, 2013"
Vertical Boxplots,Vertical Boxplots
Line chart,Line chart
Line chart,Line chart
no,no
Vertical Bar chart,Vertical Bar chart
Scatter chart,Scatter chart
yes,no
Line chart,Line chart
Line chart,Line chart
Line chart,Line chart
no,no
Line chart,Line chart
yes,yes
yes,yes
yes,yes
0.0000000000000000,"+100, -500"
no,no
Line chart,Line chart
p_Bacteria: p_Bacteria,3
yes,no
0.0000000000000000,"NE - non evaluable, ND - not done, +ve - positive, Merlin"
Line chart,Line chart
